value_id,argument,expression_type,value_type,creation_scope,forcing_scope,S3_dispatch,S4_dispatch,preforce,force_count,call_depth,promise_depth,nested_promise_depth,metaprogram_count,value_lookup_count,value_assign_count,expression_lookup_count,expression_assign_count,environment_lookup_count,environment_assign_count,execution_time
1009,1,Function Call,Unbound,<<-,Unassigned,0,0,0,0,-1,-1,-1,0,0,0,0,0,0,0,0.000000
1008,1,Symbol,Unbound,<<-,Unassigned,0,0,0,0,-1,-1,-1,0,0,0,0,0,0,0,0.000000
1007,1,Symbol,Unbound,<<-,Unassigned,0,0,0,0,-1,-1,-1,0,2,0,0,0,0,0,0.000000
1002,1,Symbol,Unbound,<-,Unassigned,0,0,0,0,-1,-1,-1,0,2,0,0,0,0,0,0.000000
1001,1,Logical,Unbound,1Xv4Pu7i6xXH68#J+1CmFw==,Unassigned,0,0,0,0,-1,-1,-1,0,0,0,0,0,0,0,0.000000
1000,1,Logical,Unbound,1Xv4Pu7i6xXH68#J+1CmFw==,Unassigned,0,0,0,0,-1,-1,-1,0,0,0,0,0,0,0,0.000000
999,1,Symbol,Unbound,1Xv4Pu7i6xXH68#J+1CmFw==,Unassigned,0,0,0,0,-1,-1,-1,0,0,0,0,0,0,0,0.000000
998,1,Function Call,Unbound,1Xv4Pu7i6xXH68#J+1CmFw==,Unassigned,0,0,0,0,-1,-1,-1,0,0,0,0,0,0,0,0.000000
997,1,Double,Unbound,1Xv4Pu7i6xXH68#J+1CmFw==,Unassigned,0,0,0,0,-1,-1,-1,0,0,0,0,0,0,0,0.000000
996,1,Symbol,Unbound,1Xv4Pu7i6xXH68#J+1CmFw==,Unassigned,0,0,0,0,-1,-1,-1,0,0,0,0,0,0,0,0.000000
994,1,Function Call,Unbound,switch,Unassigned,0,0,0,0,-1,-1,-1,0,0,0,0,0,0,0,0.000000
992,1,Null,Unbound,q0n+#PaBrDIXfT3j+RIDAg==,Unassigned,0,0,0,0,-1,-1,-1,0,0,0,0,0,0,0,0.000000
988,1,Function Call,Unbound,if,Unassigned,0,0,0,0,-1,-1,-1,0,0,0,0,0,0,0,0.000000
986,1,Symbol,Unbound,if,Unassigned,0,0,0,0,-1,-1,-1,0,0,0,0,0,0,0,0.000000
983,1,Symbol,Unbound,.Internal,Unassigned,0,0,0,0,-1,-1,-1,0,0,0,0,0,0,0,0.000000
982,1,Symbol,Unbound,.Internal,Unassigned,0,0,0,0,-1,-1,-1,0,4,0,0,0,0,0,0.000000
975,1,Function Call,Unbound,VnVktYbW3BkVzRNq+MXeQA==,Unassigned,0,0,0,0,-1,-1,-1,0,1,0,0,0,0,0,0.000000
974,1,Function Call,Function Call,.Internal,Unassigned,0,0,1,0,-1,-1,-1,0,1,0,0,0,0,0,0.000000
973,1,Character,Unbound,||,Unassigned,0,0,0,0,-1,-1,-1,0,0,0,0,0,0,0,0.000000
972,1,Symbol,Unbound,||,Unassigned,0,0,0,0,-1,-1,-1,0,0,0,0,0,0,0,0.000000
971,1,Logical,Unbound,<-,Unassigned,0,0,0,0,-1,-1,-1,0,0,0,0,0,0,0,0.000000
970,1,Symbol,Unbound,<-,Unassigned,0,0,0,0,-1,-1,-1,0,1,0,0,0,0,0,0.000000
968,1,Function Call,Unbound,while,Unassigned,0,0,0,0,-1,-1,-1,0,0,0,0,0,0,0,0.000000
967,1,Symbol,Unbound,while,Unassigned,0,0,0,0,-1,-1,-1,0,3,0,0,0,0,0,0.000000
965,1,Integer,Unbound,<-,Unassigned,0,0,0,0,-1,-1,-1,0,0,0,0,0,0,0,0.000000
964,1,Function Call,Unbound,<-,Unassigned,0,0,0,0,-1,-1,-1,0,0,0,0,0,0,0,0.000000
963,1,Logical,Unbound,<-,Unassigned,0,0,0,0,-1,-1,-1,0,0,0,0,0,0,0,0.000000
962,1,Symbol,Unbound,<-,Unassigned,0,0,0,0,-1,-1,-1,0,0,0,0,0,0,0,0.000000
961,1,Symbol,Unbound,<-,Unassigned,0,0,0,0,-1,-1,-1,0,0,0,0,0,0,0,0.000000
960,1,Symbol,Unbound,<-,Unassigned,0,0,0,0,-1,-1,-1,0,0,0,0,0,0,0,0.000000
959,1,Logical,Unbound,[,Unassigned,0,0,0,0,-1,-1,-1,0,0,0,0,0,0,0,0.000000
958,1,Logical,Unbound,[,Unassigned,0,0,0,0,-1,-1,-1,0,0,0,0,0,0,0,0.000000
956,1,Null,Unbound,q0n+#PaBrDIXfT3j+RIDAg==,Unassigned,0,0,0,0,-1,-1,-1,0,0,0,0,0,0,0,0.000000
955,1,Integer,Unbound,q0n+#PaBrDIXfT3j+RIDAg==,Unassigned,0,0,0,0,-1,-1,-1,0,0,0,0,0,0,0,0.000000
954,1,Symbol,Unbound,q0n+#PaBrDIXfT3j+RIDAg==,Unassigned,0,0,0,0,-1,-1,-1,0,0,0,0,0,0,0,0.000000
953,1,Symbol,Unbound,q0n+#PaBrDIXfT3j+RIDAg==,Unassigned,0,0,0,0,-1,-1,-1,0,0,0,0,0,0,0,0.000000
952,1,Symbol,Unbound,&&,Unassigned,0,0,0,0,-1,-1,-1,0,0,0,0,0,0,0,0.000000
950,0,Promise,Unbound,$,Unassigned,0,0,0,0,-1,-1,-1,0,0,1,0,0,0,0,0.000000
949,0,Symbol,Unbound,$,Unassigned,0,0,0,0,-1,-1,-1,0,1,1,0,0,0,0,0.000000
943,1,Integer,Unbound,<-,Unassigned,0,0,0,0,-1,-1,-1,0,0,0,0,0,0,0,0.000000
940,1,Logical,Unbound,&&,Unassigned,0,0,0,0,-1,-1,-1,0,0,0,0,0,0,0,0.000000
939,1,Character,Unbound,&&,Unassigned,0,0,0,0,-1,-1,-1,0,0,0,0,0,0,0,0.000000
937,1,Function Call,Unbound,&&,Unassigned,0,0,0,0,-1,-1,-1,0,0,0,0,0,0,0,0.000000
936,1,Symbol,Unbound,&&,Unassigned,0,0,0,0,-1,-1,-1,0,0,0,0,0,0,0,0.000000
935,1,Symbol,Unbound,&&,Unassigned,0,0,0,0,-1,-1,-1,0,0,0,0,0,0,0,0.000000
933,1,Character,Unbound,if,Unassigned,0,0,0,0,-1,-1,-1,0,0,0,0,0,0,0,0.000000
931,1,Function Call,Unbound,if,Unassigned,0,0,0,0,-1,-1,-1,0,0,0,0,0,0,0,0.000000
930,1,Symbol,Unbound,if,Unassigned,0,0,0,0,-1,-1,-1,0,0,0,0,0,0,0,0.000000
929,1,Symbol,Unbound,if,Unassigned,0,0,0,0,-1,-1,-1,0,0,0,0,0,0,0,0.000000
942,1,Function Call,Unbound,<-,Unassigned,0,0,0,0,-1,-1,-1,0,0,0,0,0,0,0,0.000000
928,1,Logical,Unbound,while,Unassigned,0,0,0,0,-1,-1,-1,0,0,0,0,0,0,0,0.000000
927,1,Logical,Unbound,while,Unassigned,0,0,0,0,-1,-1,-1,0,0,0,0,0,0,0,0.000000
926,1,Logical,Unbound,while,Unassigned,0,0,0,0,-1,-1,-1,0,0,0,0,0,0,0,0.000000
925,1,Logical,Unbound,while,Unassigned,0,0,0,0,-1,-1,-1,0,0,0,0,0,0,0,0.000000
923,1,Logical,Unbound,while,Unassigned,0,0,0,0,-1,-1,-1,0,0,0,0,0,0,0,0.000000
922,1,Symbol,Unbound,while,Unassigned,0,0,0,0,-1,-1,-1,0,0,0,0,0,0,0,0.000000
921,1,Symbol,Unbound,while,Unassigned,0,0,0,0,-1,-1,-1,0,0,0,0,0,0,0,0.000000
920,1,Symbol,Unbound,<-,Unassigned,0,0,0,0,-1,-1,-1,0,0,0,0,0,0,0,0.000000
919,1,Logical,Unbound,if,Unassigned,0,0,0,0,-1,-1,-1,0,0,0,0,0,0,0,0.000000
918,1,Character,Unbound,if,Unassigned,0,0,0,0,-1,-1,-1,0,0,0,0,0,0,0,0.000000
916,1,Function Call,Unbound,if,Unassigned,0,0,0,0,-1,-1,-1,0,0,0,0,0,0,0,0.000000
913,1,Logical,Unbound,while,Unassigned,0,0,0,0,-1,-1,-1,0,0,0,0,0,0,0,0.000000
912,1,Logical,Unbound,while,Unassigned,0,0,0,0,-1,-1,-1,0,0,0,0,0,0,0,0.000000
911,1,Logical,Unbound,while,Unassigned,0,0,0,0,-1,-1,-1,0,0,0,0,0,0,0,0.000000
910,1,Logical,Unbound,while,Unassigned,0,0,0,0,-1,-1,-1,0,0,0,0,0,0,0,0.000000
909,1,Logical,Unbound,while,Unassigned,0,0,0,0,-1,-1,-1,0,0,0,0,0,0,0,0.000000
906,1,Symbol,Unbound,while,Unassigned,0,0,0,0,-1,-1,-1,0,0,0,0,0,0,0,0.000000
908,1,Logical,Unbound,while,Unassigned,0,0,0,0,-1,-1,-1,0,0,0,0,0,0,0,0.000000
905,1,Symbol,Unbound,<-,Unassigned,0,0,0,0,-1,-1,-1,0,0,0,0,0,0,0,0.000000
904,1,Logical,Unbound,if,Unassigned,0,0,0,0,-1,-1,-1,0,0,0,0,0,0,0,0.000000
903,1,Character,Unbound,if,Unassigned,0,0,0,0,-1,-1,-1,0,0,0,0,0,0,0,0.000000
901,1,Function Call,Unbound,if,Unassigned,0,0,0,0,-1,-1,-1,0,0,0,0,0,0,0,0.000000
898,1,Logical,Unbound,while,Unassigned,0,0,0,0,-1,-1,-1,0,0,0,0,0,0,0,0.000000
896,1,Logical,Unbound,while,Unassigned,0,0,0,0,-1,-1,-1,0,0,0,0,0,0,0,0.000000
894,1,Logical,Unbound,while,Unassigned,0,0,0,0,-1,-1,-1,0,0,0,0,0,0,0,0.000000
893,1,Logical,Unbound,while,Unassigned,0,0,0,0,-1,-1,-1,0,0,0,0,0,0,0,0.000000
892,1,Symbol,Unbound,while,Unassigned,0,0,0,0,-1,-1,-1,0,0,0,0,0,0,0,0.000000
888,1,Character,Unbound,if,Unassigned,0,0,0,0,-1,-1,-1,0,0,0,0,0,0,0,0.000000
886,1,Function Call,Unbound,if,Unassigned,0,0,0,0,-1,-1,-1,0,0,0,0,0,0,0,0.000000
883,1,Logical,Unbound,while,Unassigned,0,0,0,0,-1,-1,-1,0,0,0,0,0,0,0,0.000000
881,1,Logical,Unbound,while,Unassigned,0,0,0,0,-1,-1,-1,0,0,0,0,0,0,0,0.000000
876,1,Symbol,Unbound,while,Unassigned,0,0,0,0,-1,-1,-1,0,0,0,0,0,0,0,0.000000
875,1,Symbol,Unbound,<-,Unassigned,0,0,0,0,-1,-1,-1,0,0,0,0,0,0,0,0.000000
874,1,Logical,Unbound,if,Unassigned,0,0,0,0,-1,-1,-1,0,0,0,0,0,0,0,0.000000
890,1,Symbol,Unbound,<-,Unassigned,0,0,0,0,-1,-1,-1,0,0,0,0,0,0,0,0.000000
873,1,Character,Unbound,if,Unassigned,0,0,0,0,-1,-1,-1,0,0,0,0,0,0,0,0.000000
871,1,Function Call,Unbound,if,Unassigned,0,0,0,0,-1,-1,-1,0,0,0,0,0,0,0,0.000000
870,1,Symbol,Unbound,if,Unassigned,0,0,0,0,-1,-1,-1,0,0,0,0,0,0,0,0.000000
869,1,Symbol,Unbound,if,Unassigned,0,0,0,0,-1,-1,-1,0,0,0,0,0,0,0,0.000000
868,1,Logical,Unbound,while,Unassigned,0,0,0,0,-1,-1,-1,0,0,0,0,0,0,0,0.000000
867,1,Logical,Unbound,while,Unassigned,0,0,0,0,-1,-1,-1,0,0,0,0,0,0,0,0.000000
866,1,Logical,Unbound,while,Unassigned,0,0,0,0,-1,-1,-1,0,0,0,0,0,0,0,0.000000
865,1,Logical,Unbound,while,Unassigned,0,0,0,0,-1,-1,-1,0,0,0,0,0,0,0,0.000000
864,1,Logical,Unbound,while,Unassigned,0,0,0,0,-1,-1,-1,0,0,0,0,0,0,0,0.000000
863,1,Logical,Unbound,while,Unassigned,0,0,0,0,-1,-1,-1,0,0,0,0,0,0,0,0.000000
859,1,Logical,Unbound,if,Unassigned,0,0,0,0,-1,-1,-1,0,0,0,0,0,0,0,0.000000
855,1,Symbol,Unbound,if,Unassigned,0,0,0,0,-1,-1,-1,0,0,0,0,0,0,0,0.000000
991,1,Integer,Unbound,q0n+#PaBrDIXfT3j+RIDAg==,Unassigned,0,0,0,0,-1,-1,-1,0,0,0,0,0,0,0,0.000000
851,1,Logical,Unbound,while,Unassigned,0,0,0,0,-1,-1,-1,0,0,0,0,0,0,0,0.000000
990,1,Symbol,Unbound,q0n+#PaBrDIXfT3j+RIDAg==,Unassigned,0,0,0,0,-1,-1,-1,0,0,0,0,0,0,0,0.000000
849,1,Logical,Unbound,while,Unassigned,0,0,0,0,-1,-1,-1,0,0,0,0,0,0,0,0.000000
844,1,Logical,Unbound,if,Unassigned,0,0,0,0,-1,-1,-1,0,0,0,0,0,0,0,0.000000
841,1,Function Call,Unbound,if,Unassigned,0,0,0,0,-1,-1,-1,0,0,0,0,0,0,0,0.000000
840,1,Symbol,Unbound,if,Unassigned,0,0,0,0,-1,-1,-1,0,0,0,0,0,0,0,0.000000
836,1,Logical,Unbound,while,Unassigned,0,0,0,0,-1,-1,-1,0,0,0,0,0,0,0,0.000000
835,1,Logical,Unbound,while,Unassigned,0,0,0,0,-1,-1,-1,0,0,0,0,0,0,0,0.000000
832,1,Symbol,Unbound,while,Unassigned,0,0,0,0,-1,-1,-1,0,0,0,0,0,0,0,0.000000
831,1,Symbol,Unbound,while,Unassigned,0,0,0,0,-1,-1,-1,0,0,0,0,0,0,0,0.000000
829,1,Logical,Unbound,if,Unassigned,0,0,0,0,-1,-1,-1,0,0,0,0,0,0,0,0.000000
828,1,Character,Unbound,if,Unassigned,0,0,0,0,-1,-1,-1,0,0,0,0,0,0,0,0.000000
826,1,Function Call,Unbound,if,Unassigned,0,0,0,0,-1,-1,-1,0,0,0,0,0,0,0,0.000000
825,1,Symbol,Unbound,if,Unassigned,0,0,0,0,-1,-1,-1,0,0,0,0,0,0,0,0.000000
821,1,Logical,Unbound,while,Unassigned,0,0,0,0,-1,-1,-1,0,0,0,0,0,0,0,0.000000
819,1,Logical,Unbound,while,Unassigned,0,0,0,0,-1,-1,-1,0,0,0,0,0,0,0,0.000000
816,1,Symbol,Unbound,while,Unassigned,0,0,0,0,-1,-1,-1,0,0,0,0,0,0,0,0.000000
830,1,Symbol,Unbound,<-,Unassigned,0,0,0,0,-1,-1,-1,0,0,0,0,0,0,0,0.000000
813,1,Character,Unbound,if,Unassigned,0,0,0,0,-1,-1,-1,0,0,0,0,0,0,0,0.000000
809,1,Symbol,Unbound,if,Unassigned,0,0,0,0,-1,-1,-1,0,0,0,0,0,0,0,0.000000
805,1,Logical,Unbound,while,Unassigned,0,0,0,0,-1,-1,-1,0,0,0,0,0,0,0,0.000000
803,1,Logical,Unbound,while,Unassigned,0,0,0,0,-1,-1,-1,0,0,0,0,0,0,0,0.000000
802,1,Symbol,Unbound,while,Unassigned,0,0,0,0,-1,-1,-1,0,0,0,0,0,0,0,0.000000
800,1,Symbol,Unbound,<-,Unassigned,0,0,0,0,-1,-1,-1,0,0,0,0,0,0,0,0.000000
798,1,Character,Unbound,||,Unassigned,0,0,0,0,-1,-1,-1,0,0,0,0,0,0,0,0.000000
795,1,Symbol,Unbound,||,Unassigned,0,0,0,0,-1,-1,-1,0,0,0,0,0,0,0,0.000000
793,1,Null,Unbound,q0n+#PaBrDIXfT3j+RIDAg==,Unassigned,0,0,0,0,-1,-1,-1,0,0,0,0,0,0,0,0.000000
791,1,Symbol,Unbound,q0n+#PaBrDIXfT3j+RIDAg==,Unassigned,0,0,0,0,-1,-1,-1,0,0,0,0,0,0,0,0.000000
790,1,Symbol,Unbound,q0n+#PaBrDIXfT3j+RIDAg==,Unassigned,0,0,0,0,-1,-1,-1,0,0,0,0,0,0,0,0.000000
787,0,Promise,Unbound,$,Unassigned,0,0,0,0,-1,-1,-1,0,0,1,0,0,0,0,0.000000
786,0,Symbol,Unbound,$,Unassigned,0,0,0,0,-1,-1,-1,0,1,1,0,0,0,0,0.000000
784,0,Symbol,Unbound,$,Unassigned,0,0,0,0,-1,-1,-1,0,1,1,0,0,0,0,0.000000
779,1,Symbol,Unbound,if,Unassigned,0,0,0,0,-1,-1,-1,0,0,0,0,0,0,0,0.000000
775,1,Integer,Unbound,q0n+#PaBrDIXfT3j+RIDAg==,Unassigned,0,0,0,0,-1,-1,-1,0,0,0,0,0,0,0,0.000000
774,1,Symbol,Unbound,q0n+#PaBrDIXfT3j+RIDAg==,Unassigned,0,0,0,0,-1,-1,-1,0,0,0,0,0,0,0,0.000000
773,1,Symbol,Unbound,q0n+#PaBrDIXfT3j+RIDAg==,Unassigned,0,0,0,0,-1,-1,-1,0,0,0,0,0,0,0,0.000000
769,0,Symbol,Unbound,$,Unassigned,0,0,0,0,-1,-1,-1,0,1,1,0,0,0,0,0.000000
767,1,Symbol,Unbound,<-,Unassigned,0,0,0,0,-1,-1,-1,0,1,0,0,0,0,0,0.000000
764,1,Symbol,Unbound,apUGcjC431zHtECRsQUZwg==,Unassigned,0,0,0,0,-1,-1,-1,0,0,0,0,0,0,0,0.000000
763,1,Function Call,Character,.Internal,Unassigned,0,0,1,0,-1,-1,-1,0,1,0,0,0,0,0,0.000000
757,1,Logical,Unbound,||,Unassigned,0,0,0,0,-1,-1,-1,0,0,0,0,0,0,0,0.000000
766,1,Symbol,Unbound,<-,Unassigned,0,0,0,0,-1,-1,-1,0,2,0,0,0,0,0,0.000000
753,1,Logical,Unbound,||,Unassigned,0,0,0,0,-1,-1,-1,0,0,0,0,0,0,0,0.000000
751,1,Logical,Unbound,||,Unassigned,0,0,0,0,-1,-1,-1,0,0,0,0,0,0,0,0.000000
750,1,Logical,Unbound,||,Unassigned,0,0,0,0,-1,-1,-1,0,0,0,0,0,0,0,0.000000
758,1,Logical,Unbound,||,Unassigned,0,0,0,0,-1,-1,-1,0,0,0,0,0,0,0,0.000000
747,1,Function Call,Unbound,||,Unassigned,0,0,0,0,-1,-1,-1,0,0,0,0,0,0,0,0.000000
745,0,Function Call,Unbound,<-,Unassigned,0,0,0,0,-1,-1,-1,0,0,1,0,0,0,0,0.000000
739,1,Logical,Unbound,if,Unassigned,0,0,0,0,-1,-1,-1,0,0,0,0,0,0,0,0.000000
338,1,Integer,Unbound,q0n+#PaBrDIXfT3j+RIDAg==,Unassigned,0,0,0,0,-1,-1,-1,0,0,0,0,0,0,0,0.000000
251,1,Symbol,Unbound,q0n+#PaBrDIXfT3j+RIDAg==,Unassigned,0,0,0,0,-1,-1,-1,0,0,0,0,0,0,0,0.000000
337,1,Symbol,Unbound,q0n+#PaBrDIXfT3j+RIDAg==,Unassigned,0,0,0,0,-1,-1,-1,0,0,0,0,0,0,0,0.000000
332,0,Symbol,Unbound,$,Unassigned,0,0,0,0,-1,-1,-1,0,1,1,0,0,0,0,0.000000
768,1,Logical,Unbound,<-,Unassigned,0,0,0,0,-1,-1,-1,0,0,0,0,0,0,0,0.000000
151,1,Logical,Unbound,while,Unassigned,0,0,0,0,-1,-1,-1,0,0,0,0,0,0,0,0.000000
323,1,Logical,Unbound,<-,Unassigned,0,0,0,0,-1,-1,-1,0,0,0,0,0,0,0,0.000000
884,1,Symbol,Unbound,if,Unassigned,0,0,0,0,-1,-1,-1,0,0,0,0,0,0,0,0.000000
609,1,Logical,Unbound,while,Unassigned,0,0,0,0,-1,-1,-1,0,0,0,0,0,0,0,0.000000
676,1,Character,Unbound,if,Unassigned,0,0,0,0,-1,-1,-1,0,0,0,0,0,0,0,0.000000
331,1,Logical,Unbound,<-,Unassigned,0,0,0,0,-1,-1,-1,0,0,0,0,0,0,0,0.000000
993,1,Function Call,Unbound,.Internal,Unassigned,0,0,0,0,-1,-1,-1,0,0,0,0,0,0,0,0.000000
329,1,Symbol,Unbound,<-,Unassigned,0,0,0,0,-1,-1,-1,0,2,0,0,0,0,0,0.000000
325,1,Character,Unbound,||,Unassigned,0,0,0,0,-1,-1,-1,0,0,0,0,0,0,0,0.000000
247,1,Character,Unbound,GTda0B+nTwasCbcZTt0+5g==,Unassigned,0,0,0,0,-1,-1,-1,0,1,0,0,0,0,0,0.000000
324,1,Symbol,Unbound,||,Unassigned,0,0,0,0,-1,-1,-1,0,0,0,0,0,0,0,0.000000
278,1,Symbol,Unbound,q0n+#PaBrDIXfT3j+RIDAg==,Unassigned,0,0,0,0,-1,-1,-1,0,0,0,0,0,0,0,0.000000
227,1,Integer,Unbound,q0n+#PaBrDIXfT3j+RIDAg==,Unassigned,0,0,0,0,-1,-1,-1,0,0,0,0,0,0,0,0.000000
319,1,Symbol,Unbound,.Internal,Unassigned,0,0,0,0,-1,-1,-1,0,5,0,0,0,0,0,0.000000
882,1,Logical,Unbound,while,Unassigned,0,0,0,0,-1,-1,-1,0,0,0,0,0,0,0,0.000000
605,1,Symbol,Unbound,while,Unassigned,0,0,0,0,-1,-1,-1,0,0,0,0,0,0,0,0.000000
318,1,Logical,Unbound,<-,Unassigned,0,0,0,0,-1,-1,-1,0,0,0,0,0,0,0,0.000000
315,1,Symbol,Unbound,<-,Unassigned,0,0,0,0,-1,-1,-1,0,1,0,0,0,0,0,0.000000
269,1,Symbol,Unbound,if,Unassigned,0,0,0,0,-1,-1,-1,0,0,0,0,0,0,0,0.000000
187,1,Logical,Unbound,while,Unassigned,0,0,0,0,-1,-1,-1,0,0,0,0,0,0,0,0.000000
342,1,Function Call,Unbound,<-,Unassigned,0,0,0,0,-1,-1,-1,0,3,0,0,0,0,0,0.000000
262,1,Symbol,Unbound,if,Unassigned,0,0,0,0,-1,-1,-1,0,0,0,0,0,0,0,0.000000
314,1,Function Call,Unbound,<-,Unassigned,0,0,0,0,-1,-1,-1,0,0,0,0,0,0,0,0.000000
1005,1,Symbol,Unbound,if,Unassigned,0,0,0,0,-1,-1,-1,0,0,0,0,0,0,0,0.000000
313,1,Symbol,Unbound,Qq7TXAtQDhwiCgyxIAt4qg==,Unassigned,0,0,0,0,-1,-1,-1,0,2,0,0,0,0,0,0.000000
987,1,Function Call,Unbound,if,Unassigned,0,0,0,0,-1,-1,-1,0,0,0,0,0,0,0,0.000000
311,1,Symbol,Unbound,.Internal,Unassigned,0,0,0,0,-1,-1,-1,0,0,0,0,0,0,0,0.000000
352,1,Symbol,Unbound,||,Unassigned,0,0,0,0,-1,-1,-1,0,0,0,0,0,0,0,0.000000
689,1,Function Call,Unbound,if,Unassigned,0,0,0,0,-1,-1,-1,0,0,0,0,0,0,0,0.000000
307,1,Symbol,Unbound,if,Unassigned,0,0,0,0,-1,-1,-1,0,0,0,0,0,0,0,0.000000
823,1,Logical,Unbound,while,Unassigned,0,0,0,0,-1,-1,-1,0,0,0,0,0,0,0,0.000000
306,1,Symbol,Unbound,if,Unassigned,0,0,0,0,-1,-1,-1,0,0,0,0,0,0,0,0.000000
375,1,Function Call,Unbound,if,Unassigned,0,0,0,0,-1,-1,-1,0,0,0,0,0,0,0,0.000000
336,1,Symbol,Unbound,q0n+#PaBrDIXfT3j+RIDAg==,Unassigned,0,0,0,0,-1,-1,-1,0,0,0,0,0,0,0,0.000000
647,1,Logical,Unbound,if,Unassigned,0,0,0,0,-1,-1,-1,0,0,0,0,0,0,0,0.000000
299,1,Symbol,Unbound,UseMethod,Unassigned,0,0,0,0,-1,-1,-1,0,0,0,0,0,0,0,0.000000
364,1,Symbol,Unbound,<-,Unassigned,0,0,0,0,-1,-1,-1,0,0,0,0,0,0,0,0.000000
294,1,Function Call,Unbound,<-,Unassigned,0,0,0,0,-1,-1,-1,0,0,0,0,0,0,0,0.000000
362,1,Character,Unbound,||,Unassigned,0,0,0,0,-1,-1,-1,0,0,0,0,0,0,0,0.000000
737,1,Symbol,Unbound,if,Unassigned,0,0,0,0,-1,-1,-1,0,0,0,0,0,0,0,0.000000
291,1,Null,Unbound,q0n+#PaBrDIXfT3j+RIDAg==,Unassigned,0,0,0,0,-1,-1,-1,0,0,0,0,0,0,0,0.000000
289,1,Symbol,Unbound,q0n+#PaBrDIXfT3j+RIDAg==,Unassigned,0,0,0,0,-1,-1,-1,0,0,0,0,0,0,0,0.000000
636,1,Logical,Unbound,while,Unassigned,0,0,0,0,-1,-1,-1,0,0,0,0,0,0,0,0.000000
280,1,Null,Unbound,q0n+#PaBrDIXfT3j+RIDAg==,Unassigned,0,0,0,0,-1,-1,-1,0,0,0,0,0,0,0,0.000000
335,1,Symbol,Unbound,&&,Unassigned,0,0,0,0,-1,-1,-1,0,0,0,0,0,0,0,0.000000
576,1,Logical,Unbound,while,Unassigned,0,0,0,0,-1,-1,-1,0,0,0,0,0,0,0,0.000000
276,1,Function Call,Unbound,if,Unassigned,0,0,0,0,-1,-1,-1,0,0,0,0,0,0,0,0.000000
148,1,Logical,Unbound,while,Unassigned,0,0,0,0,-1,-1,-1,0,0,0,0,0,0,0,0.000000
606,1,Logical,Unbound,while,Unassigned,0,0,0,0,-1,-1,-1,0,0,0,0,0,0,0,0.000000
316,1,Function Call,Unbound,<-,Unassigned,0,0,0,0,-1,-1,-1,0,1,0,0,0,0,0,0.000000
274,1,Symbol,Unbound,GTda0B+nTwasCbcZTt0+5g==,Unassigned,0,0,0,0,-1,-1,-1,0,0,0,0,0,0,0,0.000000
267,1,Null,Unbound,q0n+#PaBrDIXfT3j+RIDAg==,Unassigned,0,0,0,0,-1,-1,-1,0,0,0,0,0,0,0,0.000000
261,1,Symbol,Unbound,GTda0B+nTwasCbcZTt0+5g==,Unassigned,0,0,0,0,-1,-1,-1,0,0,0,0,0,0,0,0.000000
303,1,Symbol,Unbound,UseMethod,Unassigned,0,0,0,0,-1,-1,-1,0,0,0,0,0,0,0,0.000000
343,1,Symbol,Unbound,if,Unassigned,0,0,0,0,-1,-1,-1,0,0,0,0,0,0,0,0.000000
260,1,Character,Unbound,GTda0B+nTwasCbcZTt0+5g==,Unassigned,0,0,0,0,-1,-1,-1,0,1,0,0,0,0,0,0.000000
852,1,Logical,Unbound,while,Unassigned,0,0,0,0,-1,-1,-1,0,0,0,0,0,0,0,0.000000
550,1,Integer,Unbound,q0n+#PaBrDIXfT3j+RIDAg==,Unassigned,0,0,0,0,-1,-1,-1,0,0,0,0,0,0,0,0.000000
339,1,Null,Unbound,q0n+#PaBrDIXfT3j+RIDAg==,Unassigned,0,0,0,0,-1,-1,-1,0,0,0,0,0,0,0,0.000000
123,1,Symbol,Unbound,if,Unassigned,0,0,0,0,-1,-1,-1,0,0,0,0,0,0,0,0.000000
259,1,Logical,Unbound,if,Unassigned,0,0,0,0,-1,-1,-1,0,0,0,0,0,0,0,0.000000
622,1,Logical,Unbound,while,Unassigned,0,0,0,0,-1,-1,-1,0,0,0,0,0,0,0,0.000000
258,1,Character,Unbound,if,Unassigned,0,0,0,0,-1,-1,-1,0,0,0,0,0,0,0,0.000000
621,1,Logical,Unbound,while,Unassigned,0,0,0,0,-1,-1,-1,0,0,0,0,0,0,0,0.000000
257,1,Function Call,Unbound,if,Unassigned,0,0,0,0,-1,-1,-1,0,0,0,0,0,0,0,0.000000
256,1,Symbol,Unbound,if,Unassigned,0,0,0,0,-1,-1,-1,0,0,0,0,0,0,0,0.000000
854,1,Symbol,Unbound,if,Unassigned,0,0,0,0,-1,-1,-1,0,0,0,0,0,0,0,0.000000
586,1,Character,Unbound,if,Unassigned,0,0,0,0,-1,-1,-1,0,0,0,0,0,0,0,0.000000
255,1,Symbol,Unbound,if,Unassigned,0,0,0,0,-1,-1,-1,0,0,0,0,0,0,0,0.000000
777,1,Symbol,Unbound,<-,Unassigned,0,0,0,0,-1,-1,-1,0,13,0,0,0,0,0,0.000000
160,1,Logical,Unbound,while,Unassigned,0,0,0,0,-1,-1,-1,0,0,0,0,0,0,0,0.000000
254,1,Null,Unbound,q0n+#PaBrDIXfT3j+RIDAg==,Unassigned,0,0,0,0,-1,-1,-1,0,0,0,0,0,0,0,0.000000
285,1,Logical,Unbound,if,Unassigned,0,0,0,0,-1,-1,-1,0,0,0,0,0,0,0,0.000000
253,1,Integer,Unbound,q0n+#PaBrDIXfT3j+RIDAg==,Unassigned,0,0,0,0,-1,-1,-1,0,0,0,0,0,0,0,0.000000
804,1,Logical,Unbound,while,Unassigned,0,0,0,0,-1,-1,-1,0,0,0,0,0,0,0,0.000000
295,1,Symbol,Unbound,<-,Unassigned,0,0,0,0,-1,-1,-1,0,0,0,0,0,0,0,0.000000
966,1,Double,Unbound,.Internal,Unassigned,0,0,0,0,-1,-1,-1,0,0,0,0,0,0,0,0.000000
250,1,Function Call,Unbound,if,Unassigned,0,0,0,0,-1,-1,-1,0,0,0,0,0,0,0,0.000000
811,1,Function Call,Unbound,if,Unassigned,0,0,0,0,-1,-1,-1,0,0,0,0,0,0,0,0.000000
202,1,Logical,Unbound,while,Unassigned,0,0,0,0,-1,-1,-1,0,0,0,0,0,0,0,0.000000
580,1,Logical,Unbound,while,Unassigned,0,0,0,0,-1,-1,-1,0,0,0,0,0,0,0,0.000000
715,0,Function Call,Character,.Internal,Unassigned,0,0,1,0,-1,-1,-1,0,2,0,0,0,0,0,0.000000
248,1,Symbol,Unbound,GTda0B+nTwasCbcZTt0+5g==,Unassigned,0,0,0,0,-1,-1,-1,0,0,0,0,0,0,0,0.000000
241,1,Symbol,Unbound,if,Unassigned,0,0,0,0,-1,-1,-1,0,0,0,0,0,0,0,0.000000
90,1,Character,Unbound,lazyLoadDBfetch,Unassigned,0,0,0,0,-1,-1,-1,0,1,0,1,0,0,0,0.000000
115,1,Symbol,Unbound,while,Unassigned,0,0,0,0,-1,-1,-1,0,0,0,0,0,0,0,0.000000
240,1,Null,Unbound,q0n+#PaBrDIXfT3j+RIDAg==,Unassigned,0,0,0,0,-1,-1,-1,0,0,0,0,0,0,0,0.000000
31,1,Character,Unbound,lazyLoadDBfetch,Unassigned,0,0,0,0,-1,-1,-1,0,1,0,1,0,0,0,0.000000
806,1,Logical,Unbound,while,Unassigned,0,0,0,0,-1,-1,-1,0,0,0,0,0,0,0,0.000000
515,1,Symbol,Unbound,&&,Unassigned,0,0,0,0,-1,-1,-1,0,0,0,0,0,0,0,0.000000
239,1,Integer,Unbound,q0n+#PaBrDIXfT3j+RIDAg==,Unassigned,0,0,0,0,-1,-1,-1,0,0,0,0,0,0,0,0.000000
771,1,Symbol,Unbound,&&,Unassigned,0,0,0,0,-1,-1,-1,0,0,0,0,0,0,0,0.000000
88,1,Symbol,Unbound,if,Unassigned,0,0,0,0,-1,-1,-1,0,0,0,0,0,0,0,0.000000
238,1,Symbol,Unbound,q0n+#PaBrDIXfT3j+RIDAg==,Unassigned,0,0,0,0,-1,-1,-1,0,0,0,0,0,0,0,0.000000
237,1,Symbol,Unbound,q0n+#PaBrDIXfT3j+RIDAg==,Unassigned,0,0,0,0,-1,-1,-1,0,0,0,0,0,0,0,0.000000
845,1,Symbol,Unbound,<-,Unassigned,0,0,0,0,-1,-1,-1,0,0,0,0,0,0,0,0.000000
11,1,Logical,Unbound,UseMethod,Unassigned,0,0,0,0,-1,-1,-1,0,0,0,0,0,0,0,0.000000
235,1,Symbol,Unbound,if,Unassigned,0,0,0,0,-1,-1,-1,0,0,0,0,0,0,0,0.000000
266,1,Integer,Unbound,q0n+#PaBrDIXfT3j+RIDAg==,Unassigned,0,0,0,0,-1,-1,-1,0,0,0,0,0,0,0,0.000000
629,1,Function Call,Unbound,if,Unassigned,0,0,0,0,-1,-1,-1,0,0,0,0,0,0,0,0.000000
948,1,Double,Unbound,.Internal,Unassigned,0,0,0,0,-1,-1,-1,0,0,0,0,0,0,0,0.000000
234,1,Symbol,Unbound,GTda0B+nTwasCbcZTt0+5g==,Unassigned,0,0,0,0,-1,-1,-1,0,0,0,0,0,0,0,0.000000
232,1,Character,Unbound,5QdOVG8kQFV6cQXxKtfZpA==,Unassigned,0,0,0,0,-1,-1,-1,0,0,0,0,0,0,0,0.000000
853,1,Logical,Unbound,while,Unassigned,0,0,0,0,-1,-1,-1,0,0,0,0,0,0,0,0.000000
225,1,Symbol,Unbound,q0n+#PaBrDIXfT3j+RIDAg==,Unassigned,0,0,0,0,-1,-1,-1,0,0,0,0,0,0,0,0.000000
195,1,Symbol,Unbound,while,Unassigned,0,0,0,0,-1,-1,-1,0,0,0,0,0,0,0,0.000000
152,1,Logical,Unbound,while,Unassigned,0,0,0,0,-1,-1,-1,0,0,0,0,0,0,0,0.000000
610,1,Logical,Unbound,while,Unassigned,0,0,0,0,-1,-1,-1,0,0,0,0,0,0,0,0.000000
989,1,Symbol,Unbound,q0n+#PaBrDIXfT3j+RIDAg==,Unassigned,0,0,0,0,-1,-1,-1,0,0,0,0,0,0,0,0.000000
224,1,Bytecode,Unbound,GTda0B+nTwasCbcZTt0+5g==,Unassigned,0,0,0,0,-1,-1,-1,0,0,0,0,0,0,0,0.000000
275,1,Symbol,Unbound,if,Unassigned,0,0,0,0,-1,-1,-1,0,0,0,0,0,0,0,0.000000
322,1,Symbol,Unbound,<-,Unassigned,0,0,0,0,-1,-1,-1,0,1,0,0,0,0,0,0.000000
284,1,Character,Unbound,if,Unassigned,0,0,0,0,-1,-1,-1,0,0,0,0,0,0,0,0.000000
583,1,Symbol,Unbound,if,Unassigned,0,0,0,0,-1,-1,-1,0,0,0,0,0,0,0,0.000000
664,1,Symbol,Unbound,while,Unassigned,0,0,0,0,-1,-1,-1,0,0,0,0,0,0,0,0.000000
249,1,Symbol,Unbound,if,Unassigned,0,0,0,0,-1,-1,-1,0,0,0,0,0,0,0,0.000000
215,1,Symbol,Unbound,while,Unassigned,0,0,0,0,-1,-1,-1,0,0,0,0,0,0,0,0.000000
656,1,Logical,Unbound,while,Unassigned,0,0,0,0,-1,-1,-1,0,0,0,0,0,0,0,0.000000
211,1,Logical,Unbound,while,Unassigned,0,0,0,0,-1,-1,-1,0,0,0,0,0,0,0,0.000000
210,1,Logical,Unbound,while,Unassigned,0,0,0,0,-1,-1,-1,0,0,0,0,0,0,0,0.000000
209,1,Logical,Unbound,while,Unassigned,0,0,0,0,-1,-1,-1,0,0,0,0,0,0,0,0.000000
891,1,Symbol,Unbound,while,Unassigned,0,0,0,0,-1,-1,-1,0,0,0,0,0,0,0,0.000000
97,1,Symbol,Unbound,<-,Unassigned,0,0,0,0,-1,-1,-1,0,1,0,0,0,0,0,0.000000
915,1,Symbol,Unbound,if,Unassigned,0,0,0,0,-1,-1,-1,0,0,0,0,0,0,0,0.000000
655,1,Logical,Unbound,while,Unassigned,0,0,0,0,-1,-1,-1,0,0,0,0,0,0,0,0.000000
720,1,Character,Unbound,lazyLoadDBfetch,Unassigned,0,0,0,0,-1,-1,-1,0,0,0,0,0,0,0,0.000000
654,1,Logical,Unbound,while,Unassigned,0,0,0,0,-1,-1,-1,0,0,0,0,0,0,0,0.000000
914,1,Symbol,Unbound,if,Unassigned,0,0,0,0,-1,-1,-1,0,0,0,0,0,0,0,0.000000
653,1,Logical,Unbound,while,Unassigned,0,0,0,0,-1,-1,-1,0,0,0,0,0,0,0,0.000000
719,1,Character,Unbound,lazyLoadDBfetch,Unassigned,0,0,0,0,-1,-1,-1,0,0,0,0,0,0,0,0.000000
206,1,Symbol,Unbound,while,Unassigned,0,0,0,0,-1,-1,-1,0,0,0,0,0,0,0,0.000000
838,1,Logical,Unbound,while,Unassigned,0,0,0,0,-1,-1,-1,0,0,0,0,0,0,0,0.000000
305,1,Character,Unbound,lazyLoadDBfetch,Unassigned,0,0,0,0,-1,-1,-1,0,1,0,1,0,0,0,0.000000
205,1,Symbol,Unbound,while,Unassigned,0,0,0,0,-1,-1,-1,0,0,0,0,0,0,0,0.000000
649,1,Symbol,Unbound,while,Unassigned,0,0,0,0,-1,-1,-1,0,0,0,0,0,0,0,0.000000
746,0,Logical,Unbound,<-,Unassigned,0,0,0,0,-1,-1,-1,0,0,1,0,0,0,0,0.000000
124,1,Symbol,Unbound,<-,Unassigned,0,0,0,0,-1,-1,-1,0,0,0,0,0,0,0,0.000000
648,1,Symbol,Unbound,<-,Unassigned,0,0,0,0,-1,-1,-1,0,0,0,0,0,0,0,0.000000
203,1,Symbol,Unbound,if,Unassigned,0,0,0,0,-1,-1,-1,0,0,0,0,0,0,0,0.000000
644,1,Function Call,Unbound,if,Unassigned,0,0,0,0,-1,-1,-1,0,0,0,0,0,0,0,0.000000
579,1,Logical,Unbound,while,Unassigned,0,0,0,0,-1,-1,-1,0,0,0,0,0,0,0,0.000000
617,1,Logical,Unbound,if,Unassigned,0,0,0,0,-1,-1,-1,0,0,0,0,0,0,0,0.000000
577,1,Logical,Unbound,while,Unassigned,0,0,0,0,-1,-1,-1,0,0,0,0,0,0,0,0.000000
613,1,Symbol,Unbound,if,Unassigned,0,0,0,0,-1,-1,-1,0,0,0,0,0,0,0,0.000000
612,1,Symbol,Unbound,if,Unassigned,0,0,0,0,-1,-1,-1,0,0,0,0,0,0,0,0.000000
333,0,Promise,Unbound,$,Unassigned,0,0,0,0,-1,-1,-1,0,0,1,0,0,0,0,0.000000
226,1,Symbol,Unbound,q0n+#PaBrDIXfT3j+RIDAg==,Unassigned,0,0,0,0,-1,-1,-1,0,0,0,0,0,0,0,0.000000
277,1,Symbol,Unbound,q0n+#PaBrDIXfT3j+RIDAg==,Unassigned,0,0,0,0,-1,-1,-1,0,0,0,0,0,0,0,0.000000
574,1,Symbol,Unbound,while,Unassigned,0,0,0,0,-1,-1,-1,0,0,0,0,0,0,0,0.000000
193,1,Symbol,Unbound,if,Unassigned,0,0,0,0,-1,-1,-1,0,0,0,0,0,0,0,0.000000
273,1,Character,Unbound,GTda0B+nTwasCbcZTt0+5g==,Unassigned,0,0,0,0,-1,-1,-1,0,1,0,0,0,0,0,0.000000
801,1,Symbol,Unbound,while,Unassigned,0,0,0,0,-1,-1,-1,0,0,0,0,0,0,0,0.000000
192,1,Logical,Unbound,while,Unassigned,0,0,0,0,-1,-1,-1,0,0,0,0,0,0,0,0.000000
263,1,Function Call,Unbound,if,Unassigned,0,0,0,0,-1,-1,-1,0,0,0,0,0,0,0,0.000000
133,1,Symbol,Unbound,if,Unassigned,0,0,0,0,-1,-1,-1,0,0,0,0,0,0,0,0.000000
593,1,Logical,Unbound,while,Unassigned,0,0,0,0,-1,-1,-1,0,0,0,0,0,0,0,0.000000
190,1,Logical,Unbound,while,Unassigned,0,0,0,0,-1,-1,-1,0,0,0,0,0,0,0,0.000000
189,1,Logical,Unbound,while,Unassigned,0,0,0,0,-1,-1,-1,0,0,0,0,0,0,0,0.000000
304,1,Character,Unbound,UseMethod,Unassigned,0,0,0,0,-1,-1,-1,0,0,0,0,0,0,0,0.000000
231,1,Function Call,Unbound,5QdOVG8kQFV6cQXxKtfZpA==,Unassigned,0,0,0,0,-1,-1,-1,0,2,0,0,0,0,0,0.000000
796,1,Function Call,Unbound,||,Unassigned,0,0,0,0,-1,-1,-1,0,0,0,0,0,0,0,0.000000
186,1,Symbol,Unbound,while,Unassigned,0,0,0,0,-1,-1,-1,0,0,0,0,0,0,0,0.000000
185,1,Symbol,Unbound,while,Unassigned,0,0,0,0,-1,-1,-1,0,0,0,0,0,0,0,0.000000
290,1,Integer,Unbound,q0n+#PaBrDIXfT3j+RIDAg==,Unassigned,0,0,0,0,-1,-1,-1,0,0,0,0,0,0,0,0.000000
638,1,Logical,Unbound,while,Unassigned,0,0,0,0,-1,-1,-1,0,0,0,0,0,0,0,0.000000
667,1,Logical,Unbound,while,Unassigned,0,0,0,0,-1,-1,-1,0,0,0,0,0,0,0,0.000000
183,1,Symbol,Unbound,if,Unassigned,0,0,0,0,-1,-1,-1,0,0,0,0,0,0,0,0.000000
181,1,Logical,Unbound,while,Unassigned,0,0,0,0,-1,-1,-1,0,0,0,0,0,0,0,0.000000
178,1,Logical,Unbound,while,Unassigned,0,0,0,0,-1,-1,-1,0,0,0,0,0,0,0,0.000000
616,1,Character,Unbound,if,Unassigned,0,0,0,0,-1,-1,-1,0,0,0,0,0,0,0,0.000000
633,1,Symbol,Unbound,<-,Unassigned,0,0,0,0,-1,-1,-1,0,0,0,0,0,0,0,0.000000
176,1,Symbol,Unbound,while,Unassigned,0,0,0,0,-1,-1,-1,0,0,0,0,0,0,0,0.000000
706,1,Double,Unbound,.Internal,Unassigned,0,0,0,0,-1,-1,-1,0,0,0,0,0,0,0,0.000000
175,1,Symbol,Unbound,while,Unassigned,0,0,0,0,-1,-1,-1,0,0,0,0,0,0,0,0.000000
96,1,Symbol,Unbound,vqbAZ7YBUo2iBw+qCi4+Rw==,Unassigned,0,0,0,0,-1,-1,-1,0,0,0,0,0,0,0,0.000000
244,1,Character,Unbound,if,Unassigned,0,0,0,0,-1,-1,-1,0,0,0,0,0,0,0,0.000000
465,1,Function Call,Unbound,if,Unassigned,0,0,0,0,-1,-1,-1,0,0,0,0,0,0,0,0.000000
173,1,Symbol,Unbound,if,Unassigned,0,0,0,0,-1,-1,-1,0,0,0,0,0,0,0,0.000000
172,1,Logical,Unbound,while,Unassigned,0,0,0,0,-1,-1,-1,0,0,0,0,0,0,0,0.000000
554,1,Function Call,Unbound,||,Unassigned,0,0,0,0,-1,-1,-1,0,0,0,0,0,0,0,0.000000
170,1,Logical,Unbound,while,Unassigned,0,0,0,0,-1,-1,-1,0,0,0,0,0,0,0,0.000000
815,1,Symbol,Unbound,<-,Unassigned,0,0,0,0,-1,-1,-1,0,0,0,0,0,0,0,0.000000
534,1,Null,Unbound,q0n+#PaBrDIXfT3j+RIDAg==,Unassigned,0,0,0,0,-1,-1,-1,0,0,0,0,0,0,0,0.000000
387,1,Logical,Unbound,while,Unassigned,0,0,0,0,-1,-1,-1,0,0,0,0,0,0,0,0.000000
752,1,Logical,Unbound,||,Unassigned,0,0,0,0,-1,-1,-1,0,0,0,0,0,0,0,0.000000
79,1,Symbol,Unbound,if,Unassigned,0,0,0,0,-1,-1,-1,0,0,0,0,0,0,0,0.000000
191,1,Logical,Unbound,while,Unassigned,0,0,0,0,-1,-1,-1,0,0,0,0,0,0,0,0.000000
8,1,Logical,Unbound,UseMethod,Unassigned,0,0,0,0,-1,-1,-1,0,0,0,0,0,0,0,0.000000
69,1,Null,Unbound,vqbAZ7YBUo2iBw+qCi4+Rw==,Unassigned,0,0,0,0,-1,-1,-1,0,0,0,0,0,0,0,0.000000
61,1,Bytecode,Unbound,RJQakrjiSECJe66xpildBA==,Unassigned,0,0,0,0,-1,-1,-1,0,0,0,0,0,0,0,0.000000
18,1,Function Call,Unbound,GppOiypH8Mnfr6Bv##FjUA==,Unassigned,0,0,0,0,-1,-1,-1,0,0,0,0,0,0,0,0.000000
499,1,Symbol,Unbound,&&,Unassigned,0,0,0,0,-1,-1,-1,0,0,0,0,0,0,0,0.000000
834,1,Logical,Unbound,while,Unassigned,0,0,0,0,-1,-1,-1,0,0,0,0,0,0,0,0.000000
222,1,Logical,Unbound,while,Unassigned,0,0,0,0,-1,-1,-1,0,0,0,0,0,0,0,0.000000
523,1,Symbol,Unbound,apUGcjC431zHtECRsQUZwg==,Unassigned,0,0,0,0,-1,-1,-1,0,0,0,0,0,0,0,0.000000
381,1,Symbol,Unbound,while,Unassigned,0,0,0,0,-1,-1,-1,0,0,0,0,0,0,0,0.000000
493,1,Symbol,Unbound,if,Unassigned,0,0,0,0,-1,-1,-1,0,0,0,0,0,0,0,0.000000
575,1,Symbol,Unbound,while,Unassigned,0,0,0,0,-1,-1,-1,0,0,0,0,0,0,0,0.000000
22,1,Symbol,Unbound,.Internal,Unassigned,0,0,0,0,-1,-1,-1,0,1,0,0,0,0,0,0.000000
62,1,Bytecode,Unbound,RJQakrjiSECJe66xpildBA==,Unassigned,0,0,0,0,-1,-1,-1,0,0,0,0,0,0,0,0.000000
159,1,Logical,Unbound,while,Unassigned,0,0,0,0,-1,-1,-1,0,0,0,0,0,0,0,0.000000
469,1,Symbol,Unbound,<-,Unassigned,0,0,0,0,-1,-1,-1,0,0,0,0,0,0,0,0.000000
504,1,Logical,Unbound,&&,Unassigned,0,0,0,0,-1,-1,-1,0,0,0,0,0,0,0,0.000000
776,1,Null,Unbound,q0n+#PaBrDIXfT3j+RIDAg==,Unassigned,0,0,0,0,-1,-1,-1,0,0,0,0,0,0,0,0.000000
143,1,Symbol,Unbound,if,Unassigned,0,0,0,0,-1,-1,-1,0,0,0,0,0,0,0,0.000000
242,1,Symbol,Unbound,if,Unassigned,0,0,0,0,-1,-1,-1,0,0,0,0,0,0,0,0.000000
116,1,Symbol,Unbound,while,Unassigned,0,0,0,0,-1,-1,-1,0,0,0,0,0,0,0,0.000000
12,1,Null,Unbound,UseMethod,Unassigned,0,0,0,0,-1,-1,-1,0,0,0,0,0,0,0,0.000000
778,1,Function Call,Unbound,<-,Unassigned,0,0,0,0,-1,-1,-1,0,3,0,0,0,0,0,0.000000
162,1,Logical,Unbound,while,Unassigned,0,0,0,0,-1,-1,-1,0,0,0,0,0,0,0,0.000000
145,1,Symbol,Unbound,while,Unassigned,0,0,0,0,-1,-1,-1,0,0,0,0,0,0,0,0.000000
45,1,Symbol,Unbound,if,Unassigned,0,0,0,0,-1,-1,-1,0,0,0,0,0,0,0,0.000000
23,1,Logical,Unbound,.Internal,Unassigned,0,0,0,0,-1,-1,-1,0,0,0,0,0,0,0,0.000000
559,1,Symbol,Unbound,while,Unassigned,0,0,0,0,-1,-1,-1,0,0,0,0,0,0,0,0.000000
288,1,Symbol,Unbound,q0n+#PaBrDIXfT3j+RIDAg==,Unassigned,0,0,0,0,-1,-1,-1,0,0,0,0,0,0,0,0.000000
889,1,Logical,Unbound,if,Unassigned,0,0,0,0,-1,-1,-1,0,0,0,0,0,0,0,0.000000
44,1,Symbol,Unbound,if,Unassigned,0,0,0,0,-1,-1,-1,0,0,0,0,0,0,0,0.000000
837,1,Logical,Unbound,while,Unassigned,0,0,0,0,-1,-1,-1,0,0,0,0,0,0,0,0.000000
537,1,Symbol,Unbound,if,Unassigned,0,0,0,0,-1,-1,-1,0,0,0,0,0,0,0,0.000000
848,1,Logical,Unbound,while,Unassigned,0,0,0,0,-1,-1,-1,0,0,0,0,0,0,0,0.000000
548,1,Symbol,Unbound,q0n+#PaBrDIXfT3j+RIDAg==,Unassigned,0,0,0,0,-1,-1,-1,0,0,0,0,0,0,0,0.000000
64,1,Bytecode,Unbound,RJQakrjiSECJe66xpildBA==,Unassigned,0,0,0,0,-1,-1,-1,0,0,0,0,0,0,0,0.000000
320,1,Symbol,Unbound,.Internal,Unassigned,0,0,0,0,-1,-1,-1,0,0,0,0,0,0,0,0.000000
41,1,Symbol,Unbound,if,Unassigned,0,0,0,0,-1,-1,-1,0,0,0,0,0,0,0,0.000000
168,1,Logical,Unbound,while,Unassigned,0,0,0,0,-1,-1,-1,0,0,0,0,0,0,0,0.000000
557,1,Logical,Unbound,||,Unassigned,0,0,0,0,-1,-1,-1,0,0,0,0,0,0,0,0.000000
907,1,Symbol,Unbound,while,Unassigned,0,0,0,0,-1,-1,-1,0,0,0,0,0,0,0,0.000000
631,1,Character,Unbound,if,Unassigned,0,0,0,0,-1,-1,-1,0,0,0,0,0,0,0,0.000000
73,1,Character,Unbound,lazyLoadDBfetch,Unassigned,0,0,0,0,-1,-1,-1,0,0,0,0,0,0,0,0.000000
317,1,Logical,Unbound,<-,Unassigned,0,0,0,0,-1,-1,-1,0,1,0,0,0,0,0,0.000000
673,1,Symbol,Unbound,if,Unassigned,0,0,0,0,-1,-1,-1,0,0,0,0,0,0,0,0.000000
861,1,Symbol,Unbound,while,Unassigned,0,0,0,0,-1,-1,-1,0,0,0,0,0,0,0,0.000000
40,1,Character,Unbound,lazyLoadDBfetch,Unassigned,0,0,0,0,-1,-1,-1,0,1,0,1,0,0,0,0.000000
264,1,Symbol,Unbound,q0n+#PaBrDIXfT3j+RIDAg==,Unassigned,0,0,0,0,-1,-1,-1,0,0,0,0,0,0,0,0.000000
72,1,Symbol,Unbound,if,Unassigned,0,0,0,0,-1,-1,-1,0,0,0,0,0,0,0,0.000000
99,1,Character,Unbound,BquH#yzaimtn7GlST+1jEA==,Unassigned,0,0,0,0,-1,-1,-1,0,0,0,0,0,0,0,0.000000
411,1,Symbol,Unbound,while,Unassigned,0,0,0,0,-1,-1,-1,0,0,0,0,0,0,0,0.000000
341,1,Symbol,Unbound,<-,Unassigned,0,0,0,0,-1,-1,-1,0,13,0,0,0,0,0,0.000000
807,1,Logical,Unbound,while,Unassigned,0,0,0,0,-1,-1,-1,0,0,0,0,0,0,0,0.000000
207,1,Logical,Unbound,while,Unassigned,0,0,0,0,-1,-1,-1,0,0,0,0,0,0,0,0.000000
194,1,Symbol,Unbound,<-,Unassigned,0,0,0,0,-1,-1,-1,0,0,0,0,0,0,0,0.000000
858,1,Character,Unbound,if,Unassigned,0,0,0,0,-1,-1,-1,0,0,0,0,0,0,0,0.000000
38,1,Symbol,Unbound,if,Unassigned,0,0,0,0,-1,-1,-1,0,0,0,0,0,0,0,0.000000
850,1,Logical,Unbound,while,Unassigned,0,0,0,0,-1,-1,-1,0,0,0,0,0,0,0,0.000000
549,1,Symbol,Unbound,q0n+#PaBrDIXfT3j+RIDAg==,Unassigned,0,0,0,0,-1,-1,-1,0,0,0,0,0,0,0,0.000000
230,1,Symbol,Unbound,<-,Unassigned,0,0,0,0,-1,-1,-1,0,3,0,0,0,0,0,0.000000
357,1,Null,Unbound,q0n+#PaBrDIXfT3j+RIDAg==,Unassigned,0,0,0,0,-1,-1,-1,0,0,0,0,0,0,0,0.000000
25,1,Symbol,Unbound,if,Unassigned,0,0,0,0,-1,-1,-1,0,0,0,0,0,0,0,0.000000
68,1,Bytecode,Unbound,6V+LtNpbjP4Kg9nqRvS0#g==,Unassigned,0,0,0,0,-1,-1,-1,0,0,0,0,0,0,0,0.000000
28,1,Symbol,Unbound,if,Unassigned,0,0,0,0,-1,-1,-1,0,0,0,0,0,0,0,0.000000
794,1,Symbol,Unbound,||,Unassigned,0,0,0,0,-1,-1,-1,0,0,0,0,0,0,0,0.000000
513,0,Symbol,Unbound,$,Unassigned,0,0,0,0,-1,-1,-1,0,1,1,0,0,0,0,0.000000
111,1,Logical,Unbound,while,Unassigned,0,0,0,0,-1,-1,-1,0,0,0,0,0,0,0,0.000000
236,1,Function Call,Unbound,if,Unassigned,0,0,0,0,-1,-1,-1,0,0,0,0,0,0,0,0.000000
567,1,Symbol,Unbound,if,Unassigned,0,0,0,0,-1,-1,-1,0,0,0,0,0,0,0,0.000000
196,1,Symbol,Unbound,while,Unassigned,0,0,0,0,-1,-1,-1,0,0,0,0,0,0,0,0.000000
246,0,Function Call,Environment,.Internal,Unassigned,0,0,1,0,-1,-1,-1,0,4,0,0,0,0,0,0.000000
560,1,Symbol,Unbound,while,Unassigned,0,0,0,0,-1,-1,-1,0,0,0,0,0,0,0,0.000000
833,1,Logical,Unbound,while,Unassigned,0,0,0,0,-1,-1,-1,0,0,0,0,0,0,0,0.000000
221,1,Logical,Unbound,while,Unassigned,0,0,0,0,-1,-1,-1,0,0,0,0,0,0,0,0.000000
665,1,Symbol,Unbound,while,Unassigned,0,0,0,0,-1,-1,-1,0,0,0,0,0,0,0,0.000000
182,1,Logical,Unbound,while,Unassigned,0,0,0,0,-1,-1,-1,0,0,0,0,0,0,0,0.000000
634,1,Symbol,Unbound,while,Unassigned,0,0,0,0,-1,-1,-1,0,0,0,0,0,0,0,0.000000
52,1,Null,Unbound,for,Unassigned,0,0,0,0,-1,-1,-1,0,0,0,0,0,0,0,0.000000
67,1,Bytecode,Unbound,6V+LtNpbjP4Kg9nqRvS0#g==,Unassigned,0,0,0,0,-1,-1,-1,0,0,0,0,0,0,0,0.000000
748,1,Symbol,Unbound,||,Unassigned,0,0,0,0,-1,-1,-1,0,0,0,0,0,0,0,0.000000
127,1,Logical,Unbound,while,Unassigned,0,0,0,0,-1,-1,-1,0,0,0,0,0,0,0,0.000000
899,1,Symbol,Unbound,if,Unassigned,0,0,0,0,-1,-1,-1,0,0,0,0,0,0,0,0.000000
624,1,Logical,Unbound,while,Unassigned,0,0,0,0,-1,-1,-1,0,0,0,0,0,0,0,0.000000
58,1,Bytecode,Unbound,GeO0htL7i2iV8KJ2OQWetQ==,Unassigned,0,0,0,0,-1,-1,-1,0,1,0,0,0,0,0,0.000000
326,1,Function Call,Character,.Internal,Unassigned,0,0,1,0,-1,-1,-1,0,1,0,0,0,0,0,0.000000
5,1,Character,Unbound,UseMethod,Unassigned,0,0,0,0,-1,-1,-1,0,0,0,0,0,0,0,0.000000
216,1,Symbol,Unbound,while,Unassigned,0,0,0,0,-1,-1,-1,0,0,0,0,0,0,0,0.000000
661,1,Character,Unbound,if,Unassigned,0,0,0,0,-1,-1,-1,0,0,0,0,0,0,0,0.000000
741,1,Logical,Unbound,if,Unassigned,0,0,0,0,-1,-1,-1,0,0,0,0,0,0,0,0.000000
413,1,Logical,Unbound,while,Unassigned,0,0,0,0,-1,-1,-1,0,0,0,0,0,0,0,0.000000
120,1,Logical,Unbound,while,Unassigned,0,0,0,0,-1,-1,-1,0,0,0,0,0,0,0,0.000000
312,1,Function Call,Unbound,Qq7TXAtQDhwiCgyxIAt4qg==,Unassigned,0,0,0,0,-1,-1,-1,0,0,0,0,0,0,0,0.000000
521,1,Function Call,Character,.Internal,Unassigned,0,0,1,0,-1,-1,-1,0,1,0,0,0,0,0,0.000000
180,1,Logical,Unbound,while,Unassigned,0,0,0,0,-1,-1,-1,0,0,0,0,0,0,0,0.000000
51,1,Null,Unbound,for,Unassigned,0,0,0,0,-1,-1,-1,0,0,0,0,0,0,0,0.000000
279,1,Integer,Unbound,q0n+#PaBrDIXfT3j+RIDAg==,Unassigned,0,0,0,0,-1,-1,-1,0,0,0,0,0,0,0,0.000000
678,1,Symbol,Unbound,<-,Unassigned,0,0,0,0,-1,-1,-1,0,0,0,0,0,0,0,0.000000
820,1,Logical,Unbound,while,Unassigned,0,0,0,0,-1,-1,-1,0,0,0,0,0,0,0,0.000000
228,1,Null,Unbound,q0n+#PaBrDIXfT3j+RIDAg==,Unassigned,0,0,0,0,-1,-1,-1,0,0,0,0,0,0,0,0.000000
731,1,Symbol,Unbound,if,Unassigned,0,0,0,0,-1,-1,-1,0,0,0,0,0,0,0,0.000000
75,1,Character,Unbound,lazyLoadDBfetch,Unassigned,0,0,0,0,-1,-1,-1,0,1,0,1,0,0,0,0.000000
880,1,Logical,Unbound,while,Unassigned,0,0,0,0,-1,-1,-1,0,0,0,0,0,0,0,0.000000
604,1,Symbol,Unbound,while,Unassigned,0,0,0,0,-1,-1,-1,0,0,0,0,0,0,0,0.000000
36,1,Symbol,Unbound,if,Unassigned,0,0,0,0,-1,-1,-1,0,0,0,0,0,0,0,0.000000
463,1,Symbol,Unbound,if,Unassigned,0,0,0,0,-1,-1,-1,0,0,0,0,0,0,0,0.000000
423,1,Logical,Unbound,if,Unassigned,0,0,0,0,-1,-1,-1,0,0,0,0,0,0,0,0.000000
107,1,Symbol,Unbound,while,Unassigned,0,0,0,0,-1,-1,-1,0,0,0,0,0,0,0,0.000000
824,1,Symbol,Unbound,if,Unassigned,0,0,0,0,-1,-1,-1,0,0,0,0,0,0,0,0.000000
540,0,Symbol,Unbound,$,Unassigned,0,0,0,0,-1,-1,-1,0,1,1,0,0,0,0,0.000000
9,1,Null,Unbound,UseMethod,Unassigned,0,0,0,0,-1,-1,-1,0,0,0,0,0,0,0,0.000000
13,1,Logical,Unbound,UseMethod,Unassigned,0,0,0,0,-1,-1,-1,0,0,0,0,0,0,0,0.000000
543,0,Promise,Unbound,$,Unassigned,0,0,0,0,-1,-1,-1,0,0,1,0,0,0,0,0.000000
572,1,Logical,Unbound,if,Unassigned,0,0,0,0,-1,-1,-1,0,0,0,0,0,0,0,0.000000
121,1,Logical,Unbound,while,Unassigned,0,0,0,0,-1,-1,-1,0,0,0,0,0,0,0,0.000000
252,1,Symbol,Unbound,q0n+#PaBrDIXfT3j+RIDAg==,Unassigned,0,0,0,0,-1,-1,-1,0,0,0,0,0,0,0,0.000000
614,1,Function Call,Unbound,if,Unassigned,0,0,0,0,-1,-1,-1,0,0,0,0,0,0,0,0.000000
177,1,Logical,Unbound,while,Unassigned,0,0,0,0,-1,-1,-1,0,0,0,0,0,0,0,0.000000
301,0,Symbol,Unbound,$,Unassigned,0,0,0,0,-1,-1,-1,0,1,1,0,0,0,0,0.000000
2,1,Symbol,Unbound,UseMethod,Unassigned,0,0,0,0,-1,-1,-1,0,0,0,0,0,0,0,0.000000
885,1,Symbol,Unbound,if,Unassigned,0,0,0,0,-1,-1,-1,0,0,0,0,0,0,0,0.000000
611,1,Logical,Unbound,while,Unassigned,0,0,0,0,-1,-1,-1,0,0,0,0,0,0,0,0.000000
810,1,Symbol,Unbound,if,Unassigned,0,0,0,0,-1,-1,-1,0,0,0,0,0,0,0,0.000000
213,1,Symbol,Unbound,if,Unassigned,0,0,0,0,-1,-1,-1,0,0,0,0,0,0,0,0.000000
738,1,Function Call,Unbound,if,Unassigned,0,0,0,0,-1,-1,-1,0,0,0,0,0,0,0,0.000000
394,1,Symbol,Unbound,<-,Unassigned,0,0,0,0,-1,-1,-1,0,0,0,0,0,0,0,0.000000
153,1,Symbol,Unbound,if,Unassigned,0,0,0,0,-1,-1,-1,0,0,0,0,0,0,0,0.000000
1006,1,Function Call,Symbol,.Internal,Unassigned,0,0,1,0,-1,-1,-1,0,1,0,0,0,0,0,0.000000
334,1,Symbol,Unbound,&&,Unassigned,0,0,0,0,-1,-1,-1,0,0,0,0,0,0,0,0.000000
16,1,Symbol,Unbound,for,Unassigned,0,0,0,0,-1,-1,-1,1,0,0,1,0,0,0,0.000000
520,1,Null,Unbound,q0n+#PaBrDIXfT3j+RIDAg==,Unassigned,0,0,0,0,-1,-1,-1,0,0,0,0,0,0,0,0.000000
47,1,Symbol,Unbound,if,Unassigned,0,0,0,0,-1,-1,-1,0,0,0,0,0,0,0,0.000000
772,1,Symbol,Unbound,&&,Unassigned,0,0,0,0,-1,-1,-1,0,0,0,0,0,0,0,0.000000
89,1,Symbol,Unbound,if,Unassigned,0,0,0,0,-1,-1,-1,0,0,0,0,0,0,0,0.000000
497,1,Character,Unbound,if,Unassigned,0,0,0,0,-1,-1,-1,0,0,0,0,0,0,0,0.000000
113,1,Logical,Unbound,while,Unassigned,0,0,0,0,-1,-1,-1,0,0,0,0,0,0,0,0.000000
568,1,Symbol,Unbound,if,Unassigned,0,0,0,0,-1,-1,-1,0,0,0,0,0,0,0,0.000000
200,1,Logical,Unbound,while,Unassigned,0,0,0,0,-1,-1,-1,0,0,0,0,0,0,0,0.000000
578,1,Logical,Unbound,while,Unassigned,0,0,0,0,-1,-1,-1,0,0,0,0,0,0,0,0.000000
879,1,Logical,Unbound,while,Unassigned,0,0,0,0,-1,-1,-1,0,0,0,0,0,0,0,0.000000
42,1,Symbol,Unbound,if,Unassigned,0,0,0,0,-1,-1,-1,0,0,0,0,0,0,0,0.000000
169,1,Logical,Unbound,while,Unassigned,0,0,0,0,-1,-1,-1,0,0,0,0,0,0,0,0.000000
49,1,Function Call,Unbound,for,Unassigned,0,0,0,0,-1,-1,-1,0,0,0,0,0,0,0,0.000000
518,1,Symbol,Unbound,q0n+#PaBrDIXfT3j+RIDAg==,Unassigned,0,0,0,0,-1,-1,-1,0,0,0,0,0,0,0,0.000000
856,1,Function Call,Unbound,if,Unassigned,0,0,0,0,-1,-1,-1,0,0,0,0,0,0,0,0.000000
32,1,Symbol,Unbound,if,Unassigned,0,0,0,0,-1,-1,-1,0,0,0,0,0,0,0,0.000000
104,1,Character,Unbound,.Internal,Unassigned,0,0,0,0,-1,-1,-1,0,0,0,0,0,0,0,0.000000
6,1,Logical,Unbound,UseMethod,Unassigned,0,0,0,0,-1,-1,-1,0,0,0,0,0,0,0,0.000000
762,1,Logical,Unbound,||,Unassigned,0,0,0,0,-1,-1,-1,0,0,0,0,0,0,0,0.000000
131,1,Logical,Unbound,while,Unassigned,0,0,0,0,-1,-1,-1,0,0,0,0,0,0,0,0.000000
328,1,Symbol,Unbound,apUGcjC431zHtECRsQUZwg==,Unassigned,0,0,0,0,-1,-1,-1,0,0,0,0,0,0,0,0.000000
682,1,Logical,Unbound,while,Unassigned,0,0,0,0,-1,-1,-1,0,0,0,0,0,0,0,0.000000
139,1,Logical,Unbound,while,Unassigned,0,0,0,0,-1,-1,-1,0,0,0,0,0,0,0,0.000000
118,1,Logical,Unbound,while,Unassigned,0,0,0,0,-1,-1,-1,0,0,0,0,0,0,0,0.000000
839,1,Symbol,Unbound,if,Unassigned,0,0,0,0,-1,-1,-1,0,0,0,0,0,0,0,0.000000
527,0,Symbol,Unbound,$,Unassigned,0,0,0,0,-1,-1,-1,0,1,1,0,0,0,0,0.000000
539,0,Promise,Unbound,$,Unassigned,0,0,0,0,-1,-1,-1,0,0,1,0,0,0,0,0.000000
597,1,Symbol,Unbound,if,Unassigned,0,0,0,0,-1,-1,-1,0,0,0,0,0,0,0,0.000000
27,1,Symbol,Unbound,if,Unassigned,0,0,0,0,-1,-1,-1,0,0,0,0,0,0,0,0.000000
330,1,Symbol,Unbound,<-,Unassigned,0,0,0,0,-1,-1,-1,0,1,0,0,0,0,0,0.000000
420,1,Function Call,Unbound,if,Unassigned,0,0,0,0,-1,-1,-1,0,0,0,0,0,0,0,0.000000
108,1,Logical,Unbound,while,Unassigned,0,0,0,0,-1,-1,-1,0,0,0,0,0,0,0,0.000000
24,1,Symbol,Unbound,<-,Unassigned,0,0,0,0,-1,-1,-1,0,0,0,0,0,0,0,0.000000
137,1,Logical,Unbound,while,Unassigned,0,0,0,0,-1,-1,-1,0,0,0,0,0,0,0,0.000000
3,1,Function Call,Unbound,UseMethod,Unassigned,0,0,0,0,-1,-1,-1,0,0,0,0,0,0,0,0.000000
467,1,Character,Unbound,if,Unassigned,0,0,0,0,-1,-1,-1,0,0,0,0,0,0,0,0.000000
91,1,Symbol,Unbound,if,Unassigned,0,0,0,0,-1,-1,-1,0,0,0,0,0,0,0,0.000000
103,1,Function Call,Unbound,<-,Unassigned,0,0,0,0,-1,-1,-1,0,0,0,0,0,0,0,0.000000
471,1,Symbol,Unbound,while,Unassigned,0,0,0,0,-1,-1,-1,0,0,0,0,0,0,0,0.000000
799,1,Logical,Unbound,||,Unassigned,0,0,0,0,-1,-1,-1,0,0,0,0,0,0,0,0.000000
503,1,Character,Unbound,&&,Unassigned,0,0,0,0,-1,-1,-1,0,0,0,0,0,0,0,0.000000
82,1,Symbol,Unbound,if,Unassigned,0,0,0,0,-1,-1,-1,0,0,0,0,0,0,0,0.000000
122,1,Logical,Unbound,while,Unassigned,0,0,0,0,-1,-1,-1,0,0,0,0,0,0,0,0.000000
976,1,Function Call,Unbound,VnVktYbW3BkVzRNq+MXeQA==,Unassigned,0,0,0,0,-1,-1,-1,0,0,0,0,0,0,0,0.000000
93,1,Character,Unbound,lazyLoadDBfetch,Unassigned,0,0,0,0,-1,-1,-1,0,1,0,1,0,0,0,0.000000
878,1,Logical,Unbound,while,Unassigned,0,0,0,0,-1,-1,-1,0,0,0,0,0,0,0,0.000000
35,1,Symbol,Unbound,if,Unassigned,0,0,0,0,-1,-1,-1,0,0,0,0,0,0,0,0.000000
85,1,Symbol,Unbound,if,Unassigned,0,0,0,0,-1,-1,-1,0,0,0,0,0,0,0,0.000000
198,1,Logical,Unbound,while,Unassigned,0,0,0,0,-1,-1,-1,0,0,0,0,0,0,0,0.000000
4,1,Symbol,Unbound,UseMethod,Unassigned,0,0,0,0,-1,-1,-1,0,0,0,0,0,0,0,0.000000
788,1,Symbol,Unbound,||,Unassigned,0,0,0,0,-1,-1,-1,0,0,0,0,0,0,0,0.000000
487,1,Logical,Unbound,while,Unassigned,0,0,0,0,-1,-1,-1,0,0,0,0,0,0,0,0.000000
86,1,Symbol,Unbound,if,Unassigned,0,0,0,0,-1,-1,-1,0,0,0,0,0,0,0,0.000000
265,1,Symbol,Unbound,q0n+#PaBrDIXfT3j+RIDAg==,Unassigned,0,0,0,0,-1,-1,-1,0,0,0,0,0,0,0,0.000000
233,1,Character,Unbound,GTda0B+nTwasCbcZTt0+5g==,Unassigned,0,0,0,0,-1,-1,-1,0,1,0,0,0,0,0,0.000000
66,1,Bytecode,Unbound,6V+LtNpbjP4Kg9nqRvS0#g==,Unassigned,0,0,0,0,-1,-1,-1,0,0,0,0,0,0,0,0.000000
392,1,Character,Unbound,if,Unassigned,0,0,0,0,-1,-1,-1,0,0,0,0,0,0,0,0.000000
268,1,Symbol,Unbound,if,Unassigned,0,0,0,0,-1,-1,-1,0,0,0,0,0,0,0,0.000000
119,1,Logical,Unbound,while,Unassigned,0,0,0,0,-1,-1,-1,0,0,0,0,0,0,0,0.000000
150,1,Logical,Unbound,while,Unassigned,0,0,0,0,-1,-1,-1,0,0,0,0,0,0,0,0.000000
43,1,Character,Unbound,lazyLoadDBfetch,Unassigned,0,0,0,0,-1,-1,-1,0,1,0,1,0,0,0,0.000000
608,1,Logical,Unbound,while,Unassigned,0,0,0,0,-1,-1,-1,0,0,0,0,0,0,0,0.000000
674,1,Function Call,Unbound,if,Unassigned,0,0,0,0,-1,-1,-1,0,0,0,0,0,0,0,0.000000
98,1,Function Call,Unbound,BquH#yzaimtn7GlST+1jEA==,Unassigned,0,0,0,0,-1,-1,-1,0,2,0,0,0,0,0,0.000000
71,1,Symbol,Unbound,if,Unassigned,0,0,0,0,-1,-1,-1,0,0,0,0,0,0,0,0.000000
482,1,Character,Unbound,if,Unassigned,0,0,0,0,-1,-1,-1,0,0,0,0,0,0,0,0.000000
204,1,Symbol,Unbound,<-,Unassigned,0,0,0,0,-1,-1,-1,0,0,0,0,0,0,0,0.000000
218,1,Logical,Unbound,while,Unassigned,0,0,0,0,-1,-1,-1,0,0,0,0,0,0,0,0.000000
635,1,Symbol,Unbound,while,Unassigned,0,0,0,0,-1,-1,-1,0,0,0,0,0,0,0,0.000000
792,1,Integer,Unbound,q0n+#PaBrDIXfT3j+RIDAg==,Unassigned,0,0,0,0,-1,-1,-1,0,0,0,0,0,0,0,0.000000
179,1,Logical,Unbound,while,Unassigned,0,0,0,0,-1,-1,-1,0,0,0,0,0,0,0,0.000000
781,0,Promise,Unbound,$,Unassigned,0,0,0,0,-1,-1,-1,0,0,1,0,0,0,0,0.000000
94,1,Symbol,Unbound,if,Unassigned,0,0,0,0,-1,-1,-1,0,0,0,0,0,0,0,0.000000
19,1,Function Call,Unbound,GppOiypH8Mnfr6Bv##FjUA==,Unassigned,0,0,0,0,-1,-1,-1,0,0,0,0,0,0,0,0.000000
759,1,Logical,Unbound,||,Unassigned,0,0,0,0,-1,-1,-1,0,0,0,0,0,0,0,0.000000
128,1,Logical,Unbound,while,Unassigned,0,0,0,0,-1,-1,-1,0,0,0,0,0,0,0,0.000000
163,1,Symbol,Unbound,if,Unassigned,0,0,0,0,-1,-1,-1,0,0,0,0,0,0,0,0.000000
625,1,Logical,Unbound,while,Unassigned,0,0,0,0,-1,-1,-1,0,0,0,0,0,0,0,0.000000
978,1,Symbol,Unbound,<-,Unassigned,0,0,0,0,-1,-1,-1,0,1,0,0,0,0,0,0.000000
95,1,Symbol,Unbound,if,Unassigned,0,0,0,0,-1,-1,-1,0,0,0,0,0,0,0,0.000000
21,1,Logical,Unbound,GppOiypH8Mnfr6Bv##FjUA==,Unassigned,0,0,0,0,-1,-1,-1,0,0,0,0,0,0,0,0.000000
761,1,Logical,Unbound,||,Unassigned,0,0,0,0,-1,-1,-1,0,0,0,0,0,0,0,0.000000
130,1,Logical,Unbound,while,Unassigned,0,0,0,0,-1,-1,-1,0,0,0,0,0,0,0,0.000000
589,1,Symbol,Unbound,while,Unassigned,0,0,0,0,-1,-1,-1,0,0,0,0,0,0,0,0.000000
528,0,Promise,Unbound,$,Unassigned,0,0,0,0,-1,-1,-1,0,0,1,0,0,0,0,0.000000
100,1,Double,Unbound,GTda0B+nTwasCbcZTt0+5g==,Unassigned,0,0,0,0,-1,-1,-1,0,0,0,0,0,0,0,0.000000
488,1,Logical,Unbound,while,Unassigned,0,0,0,0,-1,-1,-1,0,0,0,0,0,0,0,0.000000
101,1,Symbol,Unbound,GTda0B+nTwasCbcZTt0+5g==,Unassigned,0,0,0,0,-1,-1,-1,0,5,0,0,0,0,0,0.000000
283,1,Function Call,Unbound,if,Unassigned,0,0,0,0,-1,-1,-1,0,0,0,0,0,0,0,0.000000
106,1,Symbol,Unbound,while,Unassigned,0,0,0,0,-1,-1,-1,0,0,0,0,0,0,0,0.000000
494,1,Symbol,Unbound,if,Unassigned,0,0,0,0,-1,-1,-1,0,0,0,0,0,0,0,0.000000
142,1,Logical,Unbound,while,Unassigned,0,0,0,0,-1,-1,-1,0,0,0,0,0,0,0,0.000000
561,1,Logical,Unbound,while,Unassigned,0,0,0,0,-1,-1,-1,0,0,0,0,0,0,0,0.000000
110,1,Logical,Unbound,while,Unassigned,0,0,0,0,-1,-1,-1,0,0,0,0,0,0,0,0.000000
92,1,Symbol,Unbound,if,Unassigned,0,0,0,0,-1,-1,-1,0,0,0,0,0,0,0,0.000000
144,1,Symbol,Unbound,<-,Unassigned,0,0,0,0,-1,-1,-1,0,0,0,0,0,0,0,0.000000
112,1,Logical,Unbound,while,Unassigned,0,0,0,0,-1,-1,-1,0,0,0,0,0,0,0,0.000000
10,1,Null,Unbound,UseMethod,Unassigned,0,0,0,0,-1,-1,-1,0,0,0,0,0,0,0,0.000000
542,0,Symbol,Unbound,$,Unassigned,0,0,0,0,-1,-1,-1,0,1,1,0,0,0,0,0.000000
271,1,Character,Unbound,if,Unassigned,0,0,0,0,-1,-1,-1,0,0,0,0,0,0,0,0.000000
862,1,Symbol,Unbound,while,Unassigned,0,0,0,0,-1,-1,-1,0,0,0,0,0,0,0,0.000000
603,1,Symbol,Unbound,<-,Unassigned,0,0,0,0,-1,-1,-1,0,0,0,0,0,0,0,0.000000
808,1,Logical,Unbound,while,Unassigned,0,0,0,0,-1,-1,-1,0,0,0,0,0,0,0,0.000000
208,1,Logical,Unbound,while,Unassigned,0,0,0,0,-1,-1,-1,0,0,0,0,0,0,0,0.000000
296,1,Function Call,Unbound,dgo6dI+Jqr3z7Mf+5b+Zpg==,Unassigned,0,0,0,0,-1,-1,-1,0,0,0,0,0,0,0,0.000000
516,1,Symbol,Unbound,&&,Unassigned,0,0,0,0,-1,-1,-1,0,0,0,0,0,0,0,0.000000
149,1,Logical,Unbound,while,Unassigned,0,0,0,0,-1,-1,-1,0,0,0,0,0,0,0,0.000000
37,1,Character,Unbound,lazyLoadDBfetch,Unassigned,0,0,0,0,-1,-1,-1,0,1,0,1,0,0,0,0.000000
607,1,Logical,Unbound,while,Unassigned,0,0,0,0,-1,-1,-1,0,0,0,0,0,0,0,0.000000
70,1,Character,Unbound,lazyLoadDBfetch,Unassigned,0,0,0,0,-1,-1,-1,0,1,0,1,0,0,0,0.000000
57,1,Bytecode,Unbound,GeO0htL7i2iV8KJ2OQWetQ==,Unassigned,0,0,0,0,-1,-1,-1,0,0,0,0,0,0,0,0.000000
126,1,Symbol,Unbound,while,Unassigned,0,0,0,0,-1,-1,-1,0,0,0,0,0,0,0,0.000000
84,1,Character,Unbound,lazyLoadDBfetch,Unassigned,0,0,0,0,-1,-1,-1,0,1,0,1,0,0,0,0.000000
161,1,Logical,Unbound,while,Unassigned,0,0,0,0,-1,-1,-1,0,0,0,0,0,0,0,0.000000
584,1,Function Call,Unbound,if,Unassigned,0,0,0,0,-1,-1,-1,0,0,0,0,0,0,0,0.000000
650,1,Symbol,Unbound,while,Unassigned,0,0,0,0,-1,-1,-1,0,0,0,0,0,0,0,0.000000
63,1,Bytecode,Unbound,RJQakrjiSECJe66xpildBA==,Unassigned,0,0,0,0,-1,-1,-1,0,0,0,0,0,0,0,0.000000
818,1,Logical,Unbound,while,Unassigned,0,0,0,0,-1,-1,-1,0,0,0,0,0,0,0,0.000000
524,1,Symbol,Unbound,<-,Unassigned,0,0,0,0,-1,-1,-1,0,2,0,0,0,0,0,0.000000
158,1,Logical,Unbound,while,Unassigned,0,0,0,0,-1,-1,-1,0,0,0,0,0,0,0,0.000000
897,1,Logical,Unbound,while,Unassigned,0,0,0,0,-1,-1,-1,0,0,0,0,0,0,0,0.000000
46,1,Character,Unbound,lazyLoadDBfetch,Unassigned,0,0,0,0,-1,-1,-1,0,1,0,1,0,0,0,0.000000
620,1,Symbol,Unbound,while,Unassigned,0,0,0,0,-1,-1,-1,0,0,0,0,0,0,0,0.000000
132,1,Logical,Unbound,while,Unassigned,0,0,0,0,-1,-1,-1,0,0,0,0,0,0,0,0.000000
33,1,Symbol,Unbound,if,Unassigned,0,0,0,0,-1,-1,-1,0,0,0,0,0,0,0,0.000000
590,1,Symbol,Unbound,while,Unassigned,0,0,0,0,-1,-1,-1,0,0,0,0,0,0,0,0.000000
0,1,Character,Unbound,eD8sCJcotre43xD1AeGOBQ==,Unassigned,0,0,0,0,-1,-1,-1,0,1,0,0,0,0,0,0.000000
519,1,Integer,Unbound,q0n+#PaBrDIXfT3j+RIDAg==,Unassigned,0,0,0,0,-1,-1,-1,0,0,0,0,0,0,0,0.000000
785,0,Promise,Unbound,$,Unassigned,0,0,0,0,-1,-1,-1,0,0,1,0,0,0,0,0.000000
171,1,Logical,Unbound,while,Unassigned,0,0,0,0,-1,-1,-1,0,0,0,0,0,0,0,0.000000
749,1,Logical,Unbound,||,Unassigned,0,0,0,0,-1,-1,-1,0,0,0,0,0,0,0,0.000000
136,1,Symbol,Unbound,while,Unassigned,0,0,0,0,-1,-1,-1,0,0,0,0,0,0,0,0.000000
340,0,Function Call,Character,.Internal,Unassigned,0,0,1,0,-1,-1,-1,0,3,0,0,0,0,0,0.000000
860,1,Symbol,Unbound,<-,Unassigned,0,0,0,0,-1,-1,-1,0,0,0,0,0,0,0,0.000000
591,1,Logical,Unbound,while,Unassigned,0,0,0,0,-1,-1,-1,0,0,0,0,0,0,0,0.000000
599,1,Function Call,Unbound,if,Unassigned,0,0,0,0,-1,-1,-1,0,0,0,0,0,0,0,0.000000
17,1,Symbol,Unbound,GppOiypH8Mnfr6Bv##FjUA==,Unassigned,0,0,0,0,-1,-1,-1,0,0,0,0,0,0,0,0.000000
138,1,Logical,Unbound,while,Unassigned,0,0,0,0,-1,-1,-1,0,0,0,0,0,0,0,0.000000
140,1,Logical,Unbound,while,Unassigned,0,0,0,0,-1,-1,-1,0,0,0,0,0,0,0,0.000000
843,1,Character,Unbound,if,Unassigned,0,0,0,0,-1,-1,-1,0,0,0,0,0,0,0,0.000000
309,1,Character,Unbound,lazyLoadDBfetch,Unassigned,0,0,0,0,-1,-1,-1,0,0,0,0,0,0,0,0.000000
229,1,Symbol,Unbound,<-,Unassigned,0,0,0,0,-1,-1,-1,0,0,0,0,0,0,0,0.000000
734,1,Symbol,Unbound,if,Unassigned,0,0,0,0,-1,-1,-1,0,0,0,0,0,0,0,0.000000
765,1,Symbol,Unbound,apUGcjC431zHtECRsQUZwg==,Unassigned,0,0,0,0,-1,-1,-1,0,0,0,0,0,0,0,0.000000
135,1,Symbol,Unbound,while,Unassigned,0,0,0,0,-1,-1,-1,0,0,0,0,0,0,0,0.000000
78,1,Character,Unbound,lazyLoadDBfetch,Unassigned,0,0,0,0,-1,-1,-1,0,1,0,1,0,0,0,0.000000
146,1,Symbol,Unbound,while,Unassigned,0,0,0,0,-1,-1,-1,0,0,0,0,0,0,0,0.000000
147,1,Logical,Unbound,while,Unassigned,0,0,0,0,-1,-1,-1,0,0,0,0,0,0,0,0.000000
155,1,Symbol,Unbound,while,Unassigned,0,0,0,0,-1,-1,-1,0,0,0,0,0,0,0,0.000000
156,1,Symbol,Unbound,while,Unassigned,0,0,0,0,-1,-1,-1,0,0,0,0,0,0,0,0.000000
582,1,Symbol,Unbound,if,Unassigned,0,0,0,0,-1,-1,-1,0,0,0,0,0,0,0,0.000000
760,1,Logical,Unbound,||,Unassigned,0,0,0,0,-1,-1,-1,0,0,0,0,0,0,0,0.000000
327,1,Symbol,Unbound,apUGcjC431zHtECRsQUZwg==,Unassigned,0,0,0,0,-1,-1,-1,0,0,0,0,0,0,0,0.000000
114,1,Symbol,Unbound,if,Unassigned,0,0,0,0,-1,-1,-1,0,0,0,0,0,0,0,0.000000
129,1,Logical,Unbound,while,Unassigned,0,0,0,0,-1,-1,-1,0,0,0,0,0,0,0,0.000000
900,1,Symbol,Unbound,if,Unassigned,0,0,0,0,-1,-1,-1,0,0,0,0,0,0,0,0.000000
626,1,Logical,Unbound,while,Unassigned,0,0,0,0,-1,-1,-1,0,0,0,0,0,0,0,0.000000
165,1,Symbol,Unbound,while,Unassigned,0,0,0,0,-1,-1,-1,0,0,0,0,0,0,0,0.000000
627,1,Symbol,Unbound,if,Unassigned,0,0,0,0,-1,-1,-1,0,0,0,0,0,0,0,0.000000
461,1,Logical,Unbound,while,Unassigned,0,0,0,0,-1,-1,-1,0,0,0,0,0,0,0,0.000000
166,1,Symbol,Unbound,while,Unassigned,0,0,0,0,-1,-1,-1,0,0,0,0,0,0,0,0.000000
814,1,Logical,Unbound,if,Unassigned,0,0,0,0,-1,-1,-1,0,0,0,0,0,0,0,0.000000
300,1,Character,Unbound,UseMethod,Unassigned,0,0,0,0,-1,-1,-1,0,0,0,0,0,0,0,0.000000
530,1,Symbol,Unbound,&&,Unassigned,0,0,0,0,-1,-1,-1,0,0,0,0,0,0,0,0.000000
594,1,Logical,Unbound,while,Unassigned,0,0,0,0,-1,-1,-1,0,0,0,0,0,0,0,0.000000
628,1,Symbol,Unbound,if,Unassigned,0,0,0,0,-1,-1,-1,0,0,0,0,0,0,0,0.000000
344,0,Symbol,Unbound,$,Unassigned,0,0,0,0,-1,-1,-1,0,1,1,0,0,0,0,0.000000
345,0,Promise,Unbound,$,Unassigned,0,0,0,0,-1,-1,-1,0,0,1,0,0,0,0,0.000000
346,0,Symbol,Unbound,$,Unassigned,0,0,0,0,-1,-1,-1,0,1,1,0,0,0,0,0.000000
347,0,Promise,Unbound,$,Unassigned,0,0,0,0,-1,-1,-1,0,0,1,0,0,0,0,0.000000
348,0,Symbol,Unbound,$,Unassigned,0,0,0,0,-1,-1,-1,0,1,1,0,0,0,0,0.000000
685,1,Logical,Unbound,while,Unassigned,0,0,0,0,-1,-1,-1,0,0,0,0,0,0,0,0.000000
349,0,Promise,Unbound,$,Unassigned,0,0,0,0,-1,-1,-1,0,0,1,0,0,0,0,0.000000
350,0,Symbol,Unbound,$,Unassigned,0,0,0,0,-1,-1,-1,0,1,1,0,0,0,0,0.000000
687,1,Symbol,Unbound,if,Unassigned,0,0,0,0,-1,-1,-1,0,0,0,0,0,0,0,0.000000
730,1,Character,Unbound,lazyLoadDBfetch,Unassigned,0,0,0,0,-1,-1,-1,0,1,0,1,0,0,0,0.000000
351,0,Promise,Unbound,$,Unassigned,0,0,0,0,-1,-1,-1,0,0,1,0,0,0,0,0.000000
353,1,Function Call,Unbound,||,Unassigned,0,0,0,0,-1,-1,-1,0,0,0,0,0,0,0,0.000000
354,1,Symbol,Unbound,q0n+#PaBrDIXfT3j+RIDAg==,Unassigned,0,0,0,0,-1,-1,-1,0,0,0,0,0,0,0,0.000000
243,1,Function Call,Unbound,if,Unassigned,0,0,0,0,-1,-1,-1,0,0,0,0,0,0,0,0.000000
355,1,Symbol,Unbound,q0n+#PaBrDIXfT3j+RIDAg==,Unassigned,0,0,0,0,-1,-1,-1,0,0,0,0,0,0,0,0.000000
944,1,Character,Unbound,if,Unassigned,0,0,0,0,-1,-1,-1,0,0,0,0,0,0,0,0.000000
934,1,Logical,Unbound,if,Unassigned,0,0,0,0,-1,-1,-1,0,0,0,0,0,0,0,0.000000
693,1,Symbol,Unbound,&&,Unassigned,0,0,0,0,-1,-1,-1,0,0,0,0,0,0,0,0.000000
733,1,Character,Unbound,lazyLoadDBfetch,Unassigned,0,0,0,0,-1,-1,-1,0,1,0,1,0,0,0,0.000000
245,1,Logical,Unbound,if,Unassigned,0,0,0,0,-1,-1,-1,0,0,0,0,0,0,0,0.000000
356,1,Integer,Unbound,q0n+#PaBrDIXfT3j+RIDAg==,Unassigned,0,0,0,0,-1,-1,-1,0,0,0,0,0,0,0,0.000000
945,1,Function Call,Unbound,if,Unassigned,0,0,0,0,-1,-1,-1,1,0,0,1,0,0,0,0.000000
694,1,Symbol,Unbound,&&,Unassigned,0,0,0,0,-1,-1,-1,0,0,0,0,0,0,0,0.000000
358,1,Symbol,Unbound,||,Unassigned,0,0,0,0,-1,-1,-1,0,0,0,0,0,0,0,0.000000
270,1,Function Call,Unbound,if,Unassigned,0,0,0,0,-1,-1,-1,0,0,0,0,0,0,0,0.000000
359,1,Symbol,Unbound,||,Unassigned,0,0,0,0,-1,-1,-1,0,0,0,0,0,0,0,0.000000
432,1,Logical,Unbound,while,Unassigned,0,0,0,0,-1,-1,-1,0,0,0,0,0,0,0,0.000000
360,1,Function Call,Unbound,||,Unassigned,0,0,0,0,-1,-1,-1,0,0,0,0,0,0,0,0.000000
722,1,Symbol,Unbound,if,Unassigned,0,0,0,0,-1,-1,-1,0,0,0,0,0,0,0,0.000000
272,1,Logical,Unbound,if,Unassigned,0,0,0,0,-1,-1,-1,0,0,0,0,0,0,0,0.000000
363,1,Logical,Unbound,||,Unassigned,0,0,0,0,-1,-1,-1,0,0,0,0,0,0,0,0.000000
398,1,Logical,Unbound,while,Unassigned,0,0,0,0,-1,-1,-1,0,0,0,0,0,0,0,0.000000
365,1,Symbol,Unbound,while,Unassigned,0,0,0,0,-1,-1,-1,0,0,0,0,0,0,0,0.000000
366,1,Symbol,Unbound,while,Unassigned,0,0,0,0,-1,-1,-1,0,0,0,0,0,0,0,0.000000
125,1,Symbol,Unbound,while,Unassigned,0,0,0,0,-1,-1,-1,0,0,0,0,0,0,0,0.000000
405,1,Function Call,Unbound,if,Unassigned,0,0,0,0,-1,-1,-1,0,0,0,0,0,0,0,0.000000
725,1,Symbol,Unbound,if,Unassigned,0,0,0,0,-1,-1,-1,0,0,0,0,0,0,0,0.000000
367,1,Logical,Unbound,while,Unassigned,0,0,0,0,-1,-1,-1,0,0,0,0,0,0,0,0.000000
281,1,Symbol,Unbound,if,Unassigned,0,0,0,0,-1,-1,-1,0,0,0,0,0,0,0,0.000000
368,1,Logical,Unbound,while,Unassigned,0,0,0,0,-1,-1,-1,0,0,0,0,0,0,0,0.000000
385,1,Logical,Unbound,while,Unassigned,0,0,0,0,-1,-1,-1,0,0,0,0,0,0,0,0.000000
54,1,Function Call,Unbound,XV265aj9gL9403dOJk11aA==,Unassigned,0,0,0,0,-1,-1,-1,0,0,0,0,0,0,0,0.000000
372,1,Logical,Unbound,while,Unassigned,0,0,0,0,-1,-1,-1,0,0,0,0,0,0,0,0.000000
707,0,Symbol,Unbound,$,Unassigned,0,0,0,0,-1,-1,-1,0,1,1,0,0,0,0,0.000000
65,1,Bytecode,Unbound,6V+LtNpbjP4Kg9nqRvS0#g==,Unassigned,0,0,0,0,-1,-1,-1,0,0,0,0,0,0,0,0.000000
377,1,Character,Unbound,if,Unassigned,0,0,0,0,-1,-1,-1,0,0,0,0,0,0,0,0.000000
378,1,Logical,Unbound,if,Unassigned,0,0,0,0,-1,-1,-1,0,0,0,0,0,0,0,0.000000
379,1,Symbol,Unbound,<-,Unassigned,0,0,0,0,-1,-1,-1,0,0,0,0,0,0,0,0.000000
380,1,Symbol,Unbound,while,Unassigned,0,0,0,0,-1,-1,-1,0,0,0,0,0,0,0,0.000000
452,1,Character,Unbound,if,Unassigned,0,0,0,0,-1,-1,-1,0,0,0,0,0,0,0,0.000000
369,1,Logical,Unbound,while,Unassigned,0,0,0,0,-1,-1,-1,0,0,0,0,0,0,0,0.000000
382,1,Logical,Unbound,while,Unassigned,0,0,0,0,-1,-1,-1,0,0,0,0,0,0,0,0.000000
780,0,Symbol,Unbound,$,Unassigned,0,0,0,0,-1,-1,-1,0,1,1,0,0,0,0,0.000000
455,1,Symbol,Unbound,while,Unassigned,0,0,0,0,-1,-1,-1,0,0,0,0,0,0,0,0.000000
282,1,Symbol,Unbound,if,Unassigned,0,0,0,0,-1,-1,-1,0,0,0,0,0,0,0,0.000000
53,1,Function Call,Unbound,XV265aj9gL9403dOJk11aA==,Unassigned,0,0,0,0,-1,-1,-1,0,0,0,0,0,0,0,0.000000
370,1,Logical,Unbound,while,Unassigned,0,0,0,0,-1,-1,-1,0,0,0,0,0,0,0,0.000000
383,1,Logical,Unbound,while,Unassigned,0,0,0,0,-1,-1,-1,0,0,0,0,0,0,0,0.000000
371,1,Logical,Unbound,while,Unassigned,0,0,0,0,-1,-1,-1,0,0,0,0,0,0,0,0.000000
384,1,Logical,Unbound,while,Unassigned,0,0,0,0,-1,-1,-1,0,0,0,0,0,0,0,0.000000
456,1,Symbol,Unbound,while,Unassigned,0,0,0,0,-1,-1,-1,0,0,0,0,0,0,0,0.000000
386,1,Logical,Unbound,while,Unassigned,0,0,0,0,-1,-1,-1,0,0,0,0,0,0,0,0.000000
373,1,Symbol,Unbound,if,Unassigned,0,0,0,0,-1,-1,-1,0,0,0,0,0,0,0,0.000000
388,1,Symbol,Unbound,if,Unassigned,0,0,0,0,-1,-1,-1,0,0,0,0,0,0,0,0.000000
287,1,Bytecode,Unbound,GTda0B+nTwasCbcZTt0+5g==,Unassigned,0,0,0,0,-1,-1,-1,0,0,0,0,0,0,0,0.000000
374,1,Symbol,Unbound,if,Unassigned,0,0,0,0,-1,-1,-1,0,0,0,0,0,0,0,0.000000
389,1,Symbol,Unbound,if,Unassigned,0,0,0,0,-1,-1,-1,0,0,0,0,0,0,0,0.000000
981,1,Character,Unbound,||,Unassigned,0,0,0,0,-1,-1,-1,0,0,0,0,0,0,0,0.000000
462,1,Logical,Unbound,while,Unassigned,0,0,0,0,-1,-1,-1,0,0,0,0,0,0,0,0.000000
390,1,Function Call,Unbound,if,Unassigned,0,0,0,0,-1,-1,-1,0,0,0,0,0,0,0,0.000000
393,1,Logical,Unbound,if,Unassigned,0,0,0,0,-1,-1,-1,0,0,0,0,0,0,0,0.000000
395,1,Symbol,Unbound,while,Unassigned,0,0,0,0,-1,-1,-1,0,0,0,0,0,0,0,0.000000
396,1,Symbol,Unbound,while,Unassigned,0,0,0,0,-1,-1,-1,0,0,0,0,0,0,0,0.000000
397,1,Logical,Unbound,while,Unassigned,0,0,0,0,-1,-1,-1,0,0,0,0,0,0,0,0.000000
292,1,Symbol,Unbound,<-,Unassigned,0,0,0,0,-1,-1,-1,0,0,0,0,0,0,0,0.000000
399,1,Logical,Unbound,while,Unassigned,0,0,0,0,-1,-1,-1,0,0,0,0,0,0,0,0.000000
400,1,Logical,Unbound,while,Unassigned,0,0,0,0,-1,-1,-1,0,0,0,0,0,0,0,0.000000
736,1,Symbol,Unbound,<-,Unassigned,0,0,0,0,-1,-1,-1,0,1,0,0,0,0,0,0.000000
293,1,Function Call,Unbound,<-,Unassigned,0,0,0,0,-1,-1,-1,0,0,0,0,0,0,0,0.000000
56,1,Double,Unbound,GeO0htL7i2iV8KJ2OQWetQ==,Unassigned,0,0,0,0,-1,-1,-1,0,0,0,0,0,0,0,0.000000
401,1,Logical,Unbound,while,Unassigned,0,0,0,0,-1,-1,-1,0,0,0,0,0,0,0,0.000000
402,1,Logical,Unbound,while,Unassigned,0,0,0,0,-1,-1,-1,0,0,0,0,0,0,0,0.000000
403,1,Symbol,Unbound,if,Unassigned,0,0,0,0,-1,-1,-1,0,0,0,0,0,0,0,0.000000
404,1,Symbol,Unbound,if,Unassigned,0,0,0,0,-1,-1,-1,0,0,0,0,0,0,0,0.000000
408,1,Logical,Unbound,if,Unassigned,0,0,0,0,-1,-1,-1,0,0,0,0,0,0,0,0.000000
83,1,Symbol,Unbound,if,Unassigned,0,0,0,0,-1,-1,-1,0,0,0,0,0,0,0,0.000000
409,1,Symbol,Unbound,<-,Unassigned,0,0,0,0,-1,-1,-1,0,0,0,0,0,0,0,0.000000
410,1,Symbol,Unbound,while,Unassigned,0,0,0,0,-1,-1,-1,0,0,0,0,0,0,0,0.000000
740,1,Logical,Unbound,if,Unassigned,0,0,0,0,-1,-1,-1,0,0,0,0,0,0,0,0.000000
412,1,Logical,Unbound,while,Unassigned,0,0,0,0,-1,-1,-1,0,0,0,0,0,0,0,0.000000
755,1,Function Call,Unbound,||,Unassigned,0,0,0,0,-1,-1,-1,0,0,0,0,0,0,0,0.000000
443,1,Logical,Unbound,while,Unassigned,0,0,0,0,-1,-1,-1,0,0,0,0,0,0,0,0.000000
485,1,Symbol,Unbound,while,Unassigned,0,0,0,0,-1,-1,-1,0,0,0,0,0,0,0,0.000000
742,1,Logical,Unbound,if,Unassigned,0,0,0,0,-1,-1,-1,0,0,0,0,0,0,0,0.000000
414,1,Logical,Unbound,while,Unassigned,0,0,0,0,-1,-1,-1,0,0,0,0,0,0,0,0.000000
174,1,Symbol,Unbound,<-,Unassigned,0,0,0,0,-1,-1,-1,0,0,0,0,0,0,0,0.000000
486,1,Symbol,Unbound,while,Unassigned,0,0,0,0,-1,-1,-1,0,0,0,0,0,0,0,0.000000
743,1,Logical,Unbound,if,Unassigned,0,0,0,0,-1,-1,-1,0,0,0,0,0,0,0,0.000000
415,1,Logical,Unbound,while,Unassigned,0,0,0,0,-1,-1,-1,0,0,0,0,0,0,0,0.000000
744,1,Logical,Unbound,if,Unassigned,0,0,0,0,-1,-1,-1,0,0,0,0,0,0,0,0.000000
416,1,Logical,Unbound,while,Unassigned,0,0,0,0,-1,-1,-1,0,0,0,0,0,0,0,0.000000
430,1,Logical,Unbound,while,Unassigned,0,0,0,0,-1,-1,-1,0,0,0,0,0,0,0,0.000000
447,1,Logical,Unbound,while,Unassigned,0,0,0,0,-1,-1,-1,0,0,0,0,0,0,0,0.000000
102,1,Symbol,Unbound,<-,Unassigned,0,0,0,0,-1,-1,-1,0,0,0,0,0,0,0,0.000000
417,1,Logical,Unbound,while,Unassigned,0,0,0,0,-1,-1,-1,0,0,0,0,0,0,0,0.000000
59,1,Bytecode,Unbound,GeO0htL7i2iV8KJ2OQWetQ==,Unassigned,0,0,0,0,-1,-1,-1,0,0,0,0,0,0,0,0.000000
105,1,Null,Unbound,.Internal,Unassigned,0,0,0,0,-1,-1,-1,0,0,0,0,0,0,0,0.000000
418,1,Symbol,Unbound,if,Unassigned,0,0,0,0,-1,-1,-1,0,0,0,0,0,0,0,0.000000
492,1,Logical,Unbound,while,Unassigned,0,0,0,0,-1,-1,-1,0,0,0,0,0,0,0,0.000000
60,1,Bytecode,Unbound,GeO0htL7i2iV8KJ2OQWetQ==,Unassigned,0,0,0,0,-1,-1,-1,0,0,0,0,0,0,0,0.000000
419,1,Symbol,Unbound,if,Unassigned,0,0,0,0,-1,-1,-1,0,0,0,0,0,0,0,0.000000
109,1,Logical,Unbound,while,Unassigned,0,0,0,0,-1,-1,-1,0,0,0,0,0,0,0,0.000000
422,1,Character,Unbound,if,Unassigned,0,0,0,0,-1,-1,-1,0,0,0,0,0,0,0,0.000000
407,1,Character,Unbound,if,Unassigned,0,0,0,0,-1,-1,-1,0,0,0,0,0,0,0,0.000000
74,1,Character,Unbound,lazyLoadDBfetch,Unassigned,0,0,0,0,-1,-1,-1,0,0,0,0,0,0,0,0.000000
81,1,Character,Unbound,lazyLoadDBfetch,Unassigned,0,0,0,0,-1,-1,-1,0,1,0,1,0,0,0,0.000000
424,1,Symbol,Unbound,<-,Unassigned,0,0,0,0,-1,-1,-1,0,0,0,0,0,0,0,0.000000
425,1,Symbol,Unbound,while,Unassigned,0,0,0,0,-1,-1,-1,0,0,0,0,0,0,0,0.000000
426,1,Symbol,Unbound,while,Unassigned,0,0,0,0,-1,-1,-1,0,0,0,0,0,0,0,0.000000
444,1,Logical,Unbound,while,Unassigned,0,0,0,0,-1,-1,-1,0,0,0,0,0,0,0,0.000000
427,1,Logical,Unbound,while,Unassigned,0,0,0,0,-1,-1,-1,0,0,0,0,0,0,0,0.000000
756,1,Function Call,Unbound,||,Unassigned,0,0,0,0,-1,-1,-1,0,0,0,0,0,0,0,0.000000
445,1,Logical,Unbound,while,Unassigned,0,0,0,0,-1,-1,-1,0,0,0,0,0,0,0,0.000000
428,1,Logical,Unbound,while,Unassigned,0,0,0,0,-1,-1,-1,0,0,0,0,0,0,0,0.000000
87,1,Character,Unbound,lazyLoadDBfetch,Unassigned,0,0,0,0,-1,-1,-1,0,1,0,1,0,0,0,0.000000
446,1,Logical,Unbound,while,Unassigned,0,0,0,0,-1,-1,-1,0,0,0,0,0,0,0,0.000000
429,1,Logical,Unbound,while,Unassigned,0,0,0,0,-1,-1,-1,0,0,0,0,0,0,0,0.000000
431,1,Logical,Unbound,while,Unassigned,0,0,0,0,-1,-1,-1,0,0,0,0,0,0,0,0.000000
433,1,Symbol,Unbound,if,Unassigned,0,0,0,0,-1,-1,-1,0,0,0,0,0,0,0,0.000000
979,1,Logical,Unbound,<-,Unassigned,0,0,0,0,-1,-1,-1,0,0,0,0,0,0,0,0.000000
782,0,Symbol,Unbound,$,Unassigned,0,0,0,0,-1,-1,-1,0,1,1,0,0,0,0,0.000000
476,1,Logical,Unbound,while,Unassigned,0,0,0,0,-1,-1,-1,0,0,0,0,0,0,0,0.000000
76,1,Symbol,Unbound,if,Unassigned,0,0,0,0,-1,-1,-1,0,0,0,0,0,0,0,0.000000
434,1,Symbol,Unbound,if,Unassigned,0,0,0,0,-1,-1,-1,0,0,0,0,0,0,0,0.000000
435,1,Function Call,Unbound,if,Unassigned,0,0,0,0,-1,-1,-1,0,0,0,0,0,0,0,0.000000
117,1,Logical,Unbound,while,Unassigned,0,0,0,0,-1,-1,-1,0,0,0,0,0,0,0,0.000000
134,1,Symbol,Unbound,<-,Unassigned,0,0,0,0,-1,-1,-1,0,0,0,0,0,0,0,0.000000
437,1,Character,Unbound,if,Unassigned,0,0,0,0,-1,-1,-1,0,0,0,0,0,0,0,0.000000
77,1,Symbol,Unbound,if,Unassigned,0,0,0,0,-1,-1,-1,0,0,0,0,0,0,0,0.000000
438,1,Logical,Unbound,if,Unassigned,0,0,0,0,-1,-1,-1,0,0,0,0,0,0,0,0.000000
439,1,Symbol,Unbound,<-,Unassigned,0,0,0,0,-1,-1,-1,0,0,0,0,0,0,0,0.000000
754,1,Logical,Unbound,||,Unassigned,0,0,0,0,-1,-1,-1,0,0,0,0,0,0,0,0.000000
80,1,Symbol,Unbound,if,Unassigned,0,0,0,0,-1,-1,-1,0,0,0,0,0,0,0,0.000000
440,1,Symbol,Unbound,while,Unassigned,0,0,0,0,-1,-1,-1,0,0,0,0,0,0,0,0.000000
441,1,Symbol,Unbound,while,Unassigned,0,0,0,0,-1,-1,-1,0,0,0,0,0,0,0,0.000000
480,1,Function Call,Unbound,if,Unassigned,0,0,0,0,-1,-1,-1,0,0,0,0,0,0,0,0.000000
770,0,Promise,Unbound,$,Unassigned,0,0,0,0,-1,-1,-1,0,0,1,0,0,0,0,0.000000
442,1,Logical,Unbound,while,Unassigned,0,0,0,0,-1,-1,-1,0,0,0,0,0,0,0,0.000000
154,1,Symbol,Unbound,<-,Unassigned,0,0,0,0,-1,-1,-1,0,0,0,0,0,0,0,0.000000
141,1,Logical,Unbound,while,Unassigned,0,0,0,0,-1,-1,-1,0,0,0,0,0,0,0,0.000000
448,1,Symbol,Unbound,if,Unassigned,0,0,0,0,-1,-1,-1,0,0,0,0,0,0,0,0.000000
789,1,Function Call,Unbound,||,Unassigned,0,0,0,0,-1,-1,-1,0,0,0,0,0,0,0,0.000000
489,1,Logical,Unbound,while,Unassigned,0,0,0,0,-1,-1,-1,0,0,0,0,0,0,0,0.000000
464,1,Symbol,Unbound,if,Unassigned,0,0,0,0,-1,-1,-1,0,0,0,0,0,0,0,0.000000
449,1,Symbol,Unbound,if,Unassigned,0,0,0,0,-1,-1,-1,0,0,0,0,0,0,0,0.000000
450,1,Function Call,Unbound,if,Unassigned,0,0,0,0,-1,-1,-1,0,0,0,0,0,0,0,0.000000
157,1,Logical,Unbound,while,Unassigned,0,0,0,0,-1,-1,-1,0,0,0,0,0,0,0,0.000000
454,1,Symbol,Unbound,<-,Unassigned,0,0,0,0,-1,-1,-1,0,0,0,0,0,0,0,0.000000
783,0,Promise,Unbound,$,Unassigned,0,0,0,0,-1,-1,-1,0,0,1,0,0,0,0,0.000000
457,1,Logical,Unbound,while,Unassigned,0,0,0,0,-1,-1,-1,0,0,0,0,0,0,0,0.000000
458,1,Logical,Unbound,while,Unassigned,0,0,0,0,-1,-1,-1,0,0,0,0,0,0,0,0.000000
980,1,Symbol,Unbound,||,Unassigned,0,0,0,0,-1,-1,-1,0,0,0,0,0,0,0,0.000000
459,1,Logical,Unbound,while,Unassigned,0,0,0,0,-1,-1,-1,0,0,0,0,0,0,0,0.000000
460,1,Logical,Unbound,while,Unassigned,0,0,0,0,-1,-1,-1,0,0,0,0,0,0,0,0.000000
453,1,Logical,Unbound,if,Unassigned,0,0,0,0,-1,-1,-1,0,0,0,0,0,0,0,0.000000
468,1,Logical,Unbound,if,Unassigned,0,0,0,0,-1,-1,-1,0,0,0,0,0,0,0,0.000000
470,1,Symbol,Unbound,while,Unassigned,0,0,0,0,-1,-1,-1,0,0,0,0,0,0,0,0.000000
822,1,Logical,Unbound,while,Unassigned,0,0,0,0,-1,-1,-1,0,0,0,0,0,0,0,0.000000
525,1,Symbol,Unbound,<-,Unassigned,0,0,0,0,-1,-1,-1,0,1,0,0,0,0,0,0.000000
472,1,Logical,Unbound,while,Unassigned,0,0,0,0,-1,-1,-1,0,0,0,0,0,0,0,0.000000
164,1,Symbol,Unbound,<-,Unassigned,0,0,0,0,-1,-1,-1,0,0,0,0,0,0,0,0.000000
473,1,Logical,Unbound,while,Unassigned,0,0,0,0,-1,-1,-1,0,0,0,0,0,0,0,0.000000
474,1,Logical,Unbound,while,Unassigned,0,0,0,0,-1,-1,-1,0,0,0,0,0,0,0,0.000000
475,1,Logical,Unbound,while,Unassigned,0,0,0,0,-1,-1,-1,0,0,0,0,0,0,0,0.000000
477,1,Logical,Unbound,while,Unassigned,0,0,0,0,-1,-1,-1,0,0,0,0,0,0,0,0.000000
506,1,Function Call,Unbound,<-,Unassigned,0,0,0,0,-1,-1,-1,0,0,0,0,0,0,0,0.000000
984,1,Symbol,Unbound,.Internal,Unassigned,0,0,0,0,-1,-1,-1,0,0,0,0,0,0,0,0.000000
478,1,Symbol,Unbound,if,Unassigned,0,0,0,0,-1,-1,-1,0,0,0,0,0,0,0,0.000000
985,1,Symbol,Unbound,.Internal,Unassigned,0,0,0,0,-1,-1,-1,0,0,0,0,0,0,0,0.000000
479,1,Symbol,Unbound,if,Unassigned,0,0,0,0,-1,-1,-1,0,0,0,0,0,0,0,0.000000
167,1,Logical,Unbound,while,Unassigned,0,0,0,0,-1,-1,-1,0,0,0,0,0,0,0,0.000000
483,1,Logical,Unbound,if,Unassigned,0,0,0,0,-1,-1,-1,0,0,0,0,0,0,0,0.000000
484,1,Symbol,Unbound,<-,Unassigned,0,0,0,0,-1,-1,-1,0,0,0,0,0,0,0,0.000000
490,1,Logical,Unbound,while,Unassigned,0,0,0,0,-1,-1,-1,0,0,0,0,0,0,0,0.000000
491,1,Logical,Unbound,while,Unassigned,0,0,0,0,-1,-1,-1,0,0,0,0,0,0,0,0.000000
495,1,Function Call,Unbound,if,Unassigned,0,0,0,0,-1,-1,-1,0,0,0,0,0,0,0,0.000000
498,1,Logical,Unbound,if,Unassigned,0,0,0,0,-1,-1,-1,0,0,0,0,0,0,0,0.000000
500,1,Symbol,Unbound,&&,Unassigned,0,0,0,0,-1,-1,-1,0,0,0,0,0,0,0,0.000000
501,1,Function Call,Unbound,&&,Unassigned,0,0,0,0,-1,-1,-1,0,0,0,0,0,0,0,0.000000
505,1,Logical,Unbound,<-,Unassigned,0,0,0,0,-1,-1,-1,0,0,0,0,0,0,0,0.000000
188,1,Logical,Unbound,while,Unassigned,0,0,0,0,-1,-1,-1,0,0,0,0,0,0,0,0.000000
507,1,Integer,Unbound,<-,Unassigned,0,0,0,0,-1,-1,-1,0,0,0,0,0,0,0,0.000000
508,1,Character,Unbound,if,Unassigned,0,0,0,0,-1,-1,-1,0,0,0,0,0,0,0,0.000000
509,1,Function Call,Unbound,if,Unassigned,0,0,0,0,-1,-1,-1,1,0,0,1,0,0,0,0.000000
510,1,Function Call,Unbound,if,Unassigned,0,0,0,0,-1,-1,-1,0,0,0,0,0,0,0,0.000000
511,1,Symbol,Unbound,if,Unassigned,0,0,0,0,-1,-1,-1,0,0,0,0,0,0,0,0.000000
212,1,Logical,Unbound,while,Unassigned,0,0,0,0,-1,-1,-1,0,0,0,0,0,0,0,0.000000
512,1,Double,Unbound,.Internal,Unassigned,0,0,0,0,-1,-1,-1,0,0,0,0,0,0,0,0.000000
184,1,Symbol,Unbound,<-,Unassigned,0,0,0,0,-1,-1,-1,0,0,0,0,0,0,0,0.000000
514,0,Promise,Unbound,$,Unassigned,0,0,0,0,-1,-1,-1,0,0,1,0,0,0,0,0.000000
297,1,Logical,Unbound,dgo6dI+Jqr3z7Mf+5b+Zpg==,Unassigned,0,0,0,0,-1,-1,-1,0,0,0,0,0,0,0,0.000000
517,1,Symbol,Unbound,q0n+#PaBrDIXfT3j+RIDAg==,Unassigned,0,0,0,0,-1,-1,-1,0,0,0,0,0,0,0,0.000000
220,1,Logical,Unbound,while,Unassigned,0,0,0,0,-1,-1,-1,0,0,0,0,0,0,0,0.000000
522,1,Symbol,Unbound,apUGcjC431zHtECRsQUZwg==,Unassigned,0,0,0,0,-1,-1,-1,0,0,0,0,0,0,0,0.000000
538,0,Symbol,Unbound,$,Unassigned,0,0,0,0,-1,-1,-1,0,1,1,0,0,0,0,0.000000
526,1,Logical,Unbound,<-,Unassigned,0,0,0,0,-1,-1,-1,0,0,0,0,0,0,0,0.000000
529,1,Symbol,Unbound,&&,Unassigned,0,0,0,0,-1,-1,-1,0,0,0,0,0,0,0,0.000000
302,0,Promise,Unbound,$,Unassigned,0,0,0,0,-1,-1,-1,0,0,1,0,0,0,0,0.000000
214,1,Symbol,Unbound,<-,Unassigned,0,0,0,0,-1,-1,-1,0,0,0,0,0,0,0,0.000000
197,1,Logical,Unbound,while,Unassigned,0,0,0,0,-1,-1,-1,0,0,0,0,0,0,0,0.000000
531,1,Symbol,Unbound,q0n+#PaBrDIXfT3j+RIDAg==,Unassigned,0,0,0,0,-1,-1,-1,0,0,0,0,0,0,0,0.000000
199,1,Logical,Unbound,while,Unassigned,0,0,0,0,-1,-1,-1,0,0,0,0,0,0,0,0.000000
532,1,Symbol,Unbound,q0n+#PaBrDIXfT3j+RIDAg==,Unassigned,0,0,0,0,-1,-1,-1,0,0,0,0,0,0,0,0.000000
552,1,Symbol,Unbound,||,Unassigned,0,0,0,0,-1,-1,-1,0,0,0,0,0,0,0,0.000000
201,1,Logical,Unbound,while,Unassigned,0,0,0,0,-1,-1,-1,0,0,0,0,0,0,0,0.000000
533,1,Integer,Unbound,q0n+#PaBrDIXfT3j+RIDAg==,Unassigned,0,0,0,0,-1,-1,-1,0,0,0,0,0,0,0,0.000000
553,1,Symbol,Unbound,||,Unassigned,0,0,0,0,-1,-1,-1,0,0,0,0,0,0,0,0.000000
817,1,Symbol,Unbound,while,Unassigned,0,0,0,0,-1,-1,-1,0,0,0,0,0,0,0,0.000000
217,1,Logical,Unbound,while,Unassigned,0,0,0,0,-1,-1,-1,0,0,0,0,0,0,0,0.000000
535,1,Symbol,Unbound,<-,Unassigned,0,0,0,0,-1,-1,-1,0,13,0,0,0,0,0,0.000000
219,1,Logical,Unbound,while,Unassigned,0,0,0,0,-1,-1,-1,0,0,0,0,0,0,0,0.000000
536,1,Function Call,Unbound,<-,Unassigned,0,0,0,0,-1,-1,-1,0,3,0,0,0,0,0,0.000000
995,1,Symbol,Unbound,switch,Unassigned,0,0,0,0,-1,-1,-1,0,0,0,0,0,0,0,0.000000
20,1,Character,Unbound,GppOiypH8Mnfr6Bv##FjUA==,Unassigned,0,0,0,0,-1,-1,-1,0,0,0,0,0,0,0,0.000000
26,1,Character,Unbound,lazyLoadDBfetch,Unassigned,0,0,0,0,-1,-1,-1,0,1,0,1,0,0,0,0.000000
558,1,Symbol,Unbound,<-,Unassigned,0,0,0,0,-1,-1,-1,0,0,0,0,0,0,0,0.000000
308,1,Character,Unbound,lazyLoadDBfetch,Unassigned,0,0,0,0,-1,-1,-1,0,0,0,0,0,0,0,0.000000
541,0,Promise,Unbound,$,Unassigned,0,0,0,0,-1,-1,-1,0,0,1,0,0,0,0,0.000000
544,0,Symbol,Unbound,$,Unassigned,0,0,0,0,-1,-1,-1,0,1,1,0,0,0,0,0.000000
7,1,Null,Unbound,UseMethod,Unassigned,0,0,0,0,-1,-1,-1,0,0,0,0,0,0,0,0.000000
545,0,Promise,Unbound,$,Unassigned,0,0,0,0,-1,-1,-1,0,0,1,0,0,0,0,0.000000
846,1,Symbol,Unbound,while,Unassigned,0,0,0,0,-1,-1,-1,0,0,0,0,0,0,0,0.000000
546,1,Symbol,Unbound,||,Unassigned,0,0,0,0,-1,-1,-1,0,0,0,0,0,0,0,0.000000
847,1,Symbol,Unbound,while,Unassigned,0,0,0,0,-1,-1,-1,0,0,0,0,0,0,0,0.000000
310,1,Symbol,Unbound,.Internal,Unassigned,0,0,0,0,-1,-1,-1,0,0,0,0,0,0,0,0.000000
547,1,Function Call,Unbound,||,Unassigned,0,0,0,0,-1,-1,-1,0,0,0,0,0,0,0,0.000000
15,1,Symbol,Unbound,for,Unassigned,0,0,0,0,-1,-1,-1,1,0,0,1,0,0,0,0.000000
551,1,Null,Unbound,q0n+#PaBrDIXfT3j+RIDAg==,Unassigned,0,0,0,0,-1,-1,-1,0,0,0,0,0,0,0,0.000000
556,1,Character,Unbound,||,Unassigned,0,0,0,0,-1,-1,-1,0,0,0,0,0,0,0,0.000000
562,1,Logical,Unbound,while,Unassigned,0,0,0,0,-1,-1,-1,0,0,0,0,0,0,0,0.000000
598,1,Symbol,Unbound,if,Unassigned,0,0,0,0,-1,-1,-1,0,0,0,0,0,0,0,0.000000
29,1,Character,Unbound,lazyLoadDBfetch,Unassigned,0,0,0,0,-1,-1,-1,0,0,0,0,0,0,0,0.000000
563,1,Logical,Unbound,while,Unassigned,0,0,0,0,-1,-1,-1,0,0,0,0,0,0,0,0.000000
564,1,Logical,Unbound,while,Unassigned,0,0,0,0,-1,-1,-1,0,0,0,0,0,0,0,0.000000
602,1,Logical,Unbound,if,Unassigned,0,0,0,0,-1,-1,-1,0,0,0,0,0,0,0,0.000000
30,1,Character,Unbound,lazyLoadDBfetch,Unassigned,0,0,0,0,-1,-1,-1,0,0,0,0,0,0,0,0.000000
565,1,Logical,Unbound,while,Unassigned,0,0,0,0,-1,-1,-1,0,0,0,0,0,0,0,0.000000
566,1,Logical,Unbound,while,Unassigned,0,0,0,0,-1,-1,-1,0,0,0,0,0,0,0,0.000000
569,1,Function Call,Unbound,if,Unassigned,0,0,0,0,-1,-1,-1,0,0,0,0,0,0,0,0.000000
39,1,Symbol,Unbound,if,Unassigned,0,0,0,0,-1,-1,-1,0,0,0,0,0,0,0,0.000000
573,1,Symbol,Unbound,<-,Unassigned,0,0,0,0,-1,-1,-1,0,0,0,0,0,0,0,0.000000
581,1,Logical,Unbound,while,Unassigned,0,0,0,0,-1,-1,-1,0,0,0,0,0,0,0,0.000000
587,1,Logical,Unbound,if,Unassigned,0,0,0,0,-1,-1,-1,0,0,0,0,0,0,0,0.000000
571,1,Character,Unbound,if,Unassigned,0,0,0,0,-1,-1,-1,0,0,0,0,0,0,0,0.000000
588,1,Symbol,Unbound,<-,Unassigned,0,0,0,0,-1,-1,-1,0,0,0,0,0,0,0,0.000000
595,1,Logical,Unbound,while,Unassigned,0,0,0,0,-1,-1,-1,0,0,0,0,0,0,0,0.000000
34,1,Character,Unbound,lazyLoadDBfetch,Unassigned,0,0,0,0,-1,-1,-1,0,1,0,1,0,0,0,0.000000
596,1,Logical,Unbound,while,Unassigned,0,0,0,0,-1,-1,-1,0,0,0,0,0,0,0,0.000000
632,1,Logical,Unbound,if,Unassigned,0,0,0,0,-1,-1,-1,0,0,0,0,0,0,0,0.000000
877,1,Symbol,Unbound,while,Unassigned,0,0,0,0,-1,-1,-1,0,0,0,0,0,0,0,0.000000
592,1,Logical,Unbound,while,Unassigned,0,0,0,0,-1,-1,-1,0,0,0,0,0,0,0,0.000000
601,1,Character,Unbound,if,Unassigned,0,0,0,0,-1,-1,-1,0,0,0,0,0,0,0,0.000000
618,1,Symbol,Unbound,<-,Unassigned,0,0,0,0,-1,-1,-1,0,0,0,0,0,0,0,0.000000
895,1,Logical,Unbound,while,Unassigned,0,0,0,0,-1,-1,-1,0,0,0,0,0,0,0,0.000000
619,1,Symbol,Unbound,while,Unassigned,0,0,0,0,-1,-1,-1,0,0,0,0,0,0,0,0.000000
623,1,Logical,Unbound,while,Unassigned,0,0,0,0,-1,-1,-1,0,0,0,0,0,0,0,0.000000
48,1,Symbol,Unbound,if,Unassigned,0,0,0,0,-1,-1,-1,0,0,0,0,0,0,0,0.000000
637,1,Logical,Unbound,while,Unassigned,0,0,0,0,-1,-1,-1,0,0,0,0,0,0,0,0.000000
666,1,Logical,Unbound,while,Unassigned,0,0,0,0,-1,-1,-1,0,0,0,0,0,0,0,0.000000
639,1,Logical,Unbound,while,Unassigned,0,0,0,0,-1,-1,-1,0,0,0,0,0,0,0,0.000000
668,1,Logical,Unbound,while,Unassigned,0,0,0,0,-1,-1,-1,0,0,0,0,0,0,0,0.000000
640,1,Logical,Unbound,while,Unassigned,0,0,0,0,-1,-1,-1,0,0,0,0,0,0,0,0.000000
669,1,Logical,Unbound,while,Unassigned,0,0,0,0,-1,-1,-1,0,0,0,0,0,0,0,0.000000
641,1,Logical,Unbound,while,Unassigned,0,0,0,0,-1,-1,-1,0,0,0,0,0,0,0,0.000000
670,1,Logical,Unbound,while,Unassigned,0,0,0,0,-1,-1,-1,0,0,0,0,0,0,0,0.000000
50,1,Environment,Unbound,for,Unassigned,0,0,0,0,-1,-1,-1,0,0,0,0,0,0,0,0.000000
642,1,Symbol,Unbound,if,Unassigned,0,0,0,0,-1,-1,-1,0,0,0,0,0,0,0,0.000000
643,1,Symbol,Unbound,if,Unassigned,0,0,0,0,-1,-1,-1,0,0,0,0,0,0,0,0.000000
651,1,Logical,Unbound,while,Unassigned,0,0,0,0,-1,-1,-1,0,0,0,0,0,0,0,0.000000
652,1,Logical,Unbound,while,Unassigned,0,0,0,0,-1,-1,-1,0,0,0,0,0,0,0,0.000000
699,1,Logical,Unbound,<-,Unassigned,0,0,0,0,-1,-1,-1,0,0,0,0,0,0,0,0.000000
657,1,Symbol,Unbound,if,Unassigned,0,0,0,0,-1,-1,-1,0,0,0,0,0,0,0,0.000000
658,1,Symbol,Unbound,if,Unassigned,0,0,0,0,-1,-1,-1,0,0,0,0,0,0,0,0.000000
957,1,Symbol,Unbound,[,Unassigned,0,0,0,0,-1,-1,-1,0,0,0,0,0,0,0,0.000000
704,1,Function Call,Unbound,if,Unassigned,0,0,0,0,-1,-1,-1,0,0,0,0,0,0,0,0.000000
659,1,Function Call,Unbound,if,Unassigned,0,0,0,0,-1,-1,-1,0,0,0,0,0,0,0,0.000000
662,1,Logical,Unbound,if,Unassigned,0,0,0,0,-1,-1,-1,0,0,0,0,0,0,0,0.000000
646,1,Character,Unbound,if,Unassigned,0,0,0,0,-1,-1,-1,0,0,0,0,0,0,0,0.000000
663,1,Symbol,Unbound,<-,Unassigned,0,0,0,0,-1,-1,-1,0,0,0,0,0,0,0,0.000000
671,1,Logical,Unbound,while,Unassigned,0,0,0,0,-1,-1,-1,0,0,0,0,0,0,0,0.000000
672,1,Symbol,Unbound,if,Unassigned,0,0,0,0,-1,-1,-1,0,0,0,0,0,0,0,0.000000
677,1,Logical,Unbound,if,Unassigned,0,0,0,0,-1,-1,-1,0,0,0,0,0,0,0,0.000000
679,1,Symbol,Unbound,while,Unassigned,0,0,0,0,-1,-1,-1,0,0,0,0,0,0,0,0.000000
680,1,Symbol,Unbound,while,Unassigned,0,0,0,0,-1,-1,-1,0,0,0,0,0,0,0,0.000000
681,1,Logical,Unbound,while,Unassigned,0,0,0,0,-1,-1,-1,0,0,0,0,0,0,0,0.000000
728,1,Symbol,Unbound,if,Unassigned,0,0,0,0,-1,-1,-1,0,0,0,0,0,0,0,0.000000
683,1,Logical,Unbound,while,Unassigned,0,0,0,0,-1,-1,-1,0,0,0,0,0,0,0,0.000000
729,1,Symbol,Unbound,if,Unassigned,0,0,0,0,-1,-1,-1,0,0,0,0,0,0,0,0.000000
684,1,Logical,Unbound,while,Unassigned,0,0,0,0,-1,-1,-1,0,0,0,0,0,0,0,0.000000
686,1,Logical,Unbound,while,Unassigned,0,0,0,0,-1,-1,-1,0,0,0,0,0,0,0,0.000000
688,1,Symbol,Unbound,if,Unassigned,0,0,0,0,-1,-1,-1,0,0,0,0,0,0,0,0.000000
941,1,Logical,Unbound,<-,Unassigned,0,0,0,0,-1,-1,-1,0,0,0,0,0,0,0,0.000000
691,1,Character,Unbound,if,Unassigned,0,0,0,0,-1,-1,-1,0,0,0,0,0,0,0,0.000000
924,1,Logical,Unbound,while,Unassigned,0,0,0,0,-1,-1,-1,0,0,0,0,0,0,0,0.000000
692,1,Logical,Unbound,if,Unassigned,0,0,0,0,-1,-1,-1,0,0,0,0,0,0,0,0.000000
695,1,Function Call,Unbound,&&,Unassigned,0,0,0,0,-1,-1,-1,0,0,0,0,0,0,0,0.000000
946,1,Function Call,Unbound,if,Unassigned,0,0,0,0,-1,-1,-1,0,0,0,0,0,0,0,0.000000
697,1,Character,Unbound,&&,Unassigned,0,0,0,0,-1,-1,-1,0,0,0,0,0,0,0,0.000000
718,1,Symbol,Unbound,if,Unassigned,0,0,0,0,-1,-1,-1,0,0,0,0,0,0,0,0.000000
947,1,Symbol,Unbound,if,Unassigned,0,0,0,0,-1,-1,-1,0,0,0,0,0,0,0,0.000000
698,1,Logical,Unbound,&&,Unassigned,0,0,0,0,-1,-1,-1,0,0,0,0,0,0,0,0.000000
700,1,Function Call,Unbound,<-,Unassigned,0,0,0,0,-1,-1,-1,0,0,0,0,0,0,0,0.000000
702,1,Character,Unbound,if,Unassigned,0,0,0,0,-1,-1,-1,0,0,0,0,0,0,0,0.000000
703,1,Function Call,Unbound,if,Unassigned,0,0,0,0,-1,-1,-1,1,0,0,1,0,0,0,0.000000
705,1,Symbol,Unbound,if,Unassigned,0,0,0,0,-1,-1,-1,0,0,0,0,0,0,0,0.000000
701,1,Integer,Unbound,<-,Unassigned,0,0,0,0,-1,-1,-1,0,0,0,0,0,0,0,0.000000
708,0,Promise,Unbound,$,Unassigned,0,0,0,0,-1,-1,-1,0,0,1,0,0,0,0,0.000000
709,1,Symbol,Unbound,&&,Unassigned,0,0,0,0,-1,-1,-1,0,0,0,0,0,0,0,0.000000
951,1,Symbol,Unbound,&&,Unassigned,0,0,0,0,-1,-1,-1,0,0,0,0,0,0,0,0.000000
710,1,Symbol,Unbound,&&,Unassigned,0,0,0,0,-1,-1,-1,0,0,0,0,0,0,0,0.000000
711,1,Symbol,Unbound,q0n+#PaBrDIXfT3j+RIDAg==,Unassigned,0,0,0,0,-1,-1,-1,0,0,0,0,0,0,0,0.000000
712,1,Symbol,Unbound,q0n+#PaBrDIXfT3j+RIDAg==,Unassigned,0,0,0,0,-1,-1,-1,0,0,0,0,0,0,0,0.000000
713,1,Integer,Unbound,q0n+#PaBrDIXfT3j+RIDAg==,Unassigned,0,0,0,0,-1,-1,-1,0,0,0,0,0,0,0,0.000000
714,1,Null,Unbound,q0n+#PaBrDIXfT3j+RIDAg==,Unassigned,0,0,0,0,-1,-1,-1,0,0,0,0,0,0,0,0.000000
716,1,Character,Unbound,lazyLoadDBfetch,Unassigned,0,0,0,0,-1,-1,-1,0,1,0,1,0,0,0,0.000000
717,1,Symbol,Unbound,if,Unassigned,0,0,0,0,-1,-1,-1,0,0,0,0,0,0,0,0.000000
721,1,Character,Unbound,lazyLoadDBfetch,Unassigned,0,0,0,0,-1,-1,-1,0,1,0,1,0,0,0,0.000000
723,1,Symbol,Unbound,if,Unassigned,0,0,0,0,-1,-1,-1,0,0,0,0,0,0,0,0.000000
724,1,Character,Unbound,lazyLoadDBfetch,Unassigned,0,0,0,0,-1,-1,-1,0,1,0,1,0,0,0,0.000000
726,1,Symbol,Unbound,if,Unassigned,0,0,0,0,-1,-1,-1,0,0,0,0,0,0,0,0.000000
727,1,Character,Unbound,lazyLoadDBfetch,Unassigned,0,0,0,0,-1,-1,-1,0,1,0,1,0,0,0,0.000000
732,1,Symbol,Unbound,if,Unassigned,0,0,0,0,-1,-1,-1,0,0,0,0,0,0,0,0.000000
735,1,Symbol,Unbound,if,Unassigned,0,0,0,0,-1,-1,-1,0,0,0,0,0,0,0,0.000000
